,Bedrooms,Capacity,Price,Review_Count,Room_Type,Star_Rating,Avg_Price,log_Price,log_Avg_Price,log_Review_Count,Has_Star_Rating,City_NY,City_SF
0,1.0,2,198,17,2,5.0,97.5573770492,5.28826703069,4.46457590193,2.83321334406,1,1.0,0.0
2,1.0,2,149,6,2,5.0,97.5573770492,5.00394630595,4.46457590193,1.79175946923,1,1.0,0.0
3,1.0,4,55,0,2,0.0,97.5573770492,4.00733318523,4.46457590193,0.0,0,1.0,0.0
4,1.0,2,65,3,1,5.0,97.5573770492,4.1743872699,4.46457590193,1.09861228867,1,1.0,0.0
5,1.0,1,61,66,1,4.5,97.5573770492,4.11087386417,4.46457590193,4.18965474203,1,1.0,0.0
6,1.0,2,105,3,2,5.0,97.5573770492,4.65396035016,4.46457590193,1.09861228867,1,1.0,0.0
7,0.0,2,99,7,2,5.0,97.5573770492,4.59511985013,4.46457590193,1.94591014906,1,1.0,0.0
8,1.0,4,45,3,2,4.5,97.5573770492,3.80666248977,4.46457590193,1.09861228867,1,1.0,0.0
9,1.0,2,50,5,1,5.0,97.5573770492,3.91202300543,4.46457590193,1.60943791243,1,1.0,0.0
10,1.0,3,120,0,2,0.0,97.5573770492,4.78749174278,4.46457590193,0.0,0,1.0,0.0
11,1.0,4,140,4,2,5.0,97.5573770492,4.94164242261,4.46457590193,1.38629436112,1,1.0,0.0
12,1.0,2,99,6,2,4.5,97.5573770492,4.59511985013,4.46457590193,1.79175946923,1,1.0,0.0
13,2.0,6,110,8,2,5.0,97.5573770492,4.70048036579,4.46457590193,2.07944154168,1,1.0,0.0
14,1.0,2,42,2,1,0.0,97.5573770492,3.73766961828,4.46457590193,0.69314718056,0,1.0,0.0
15,1.0,2,40,3,1,5.0,97.5573770492,3.68887945411,4.46457590193,1.09861228867,1,1.0,0.0
16,1.0,2,100,1,2,0.0,97.5573770492,4.60517018599,4.46457590193,0.0,0,1.0,0.0
17,1.0,1,58,6,1,4.5,97.5573770492,4.06044301055,4.46457590193,1.79175946923,1,1.0,0.0
0,1.0,2,50,0,1,0.0,97.5573770492,3.91202300543,4.46457590193,0.0,0,1.0,0.0
1,1.0,3,120,3,2,4.5,97.5573770492,4.78749174278,4.46457590193,1.09861228867,1,1.0,0.0
2,1.0,2,120,3,2,5.0,97.5573770492,4.78749174278,4.46457590193,1.09861228867,1,1.0,0.0
3,1.0,1,50,3,1,5.0,97.5573770492,3.91202300543,4.46457590193,1.09861228867,1,1.0,0.0
4,0.0,2,89,25,2,5.0,97.5573770492,4.48863636973,4.46457590193,3.21887582487,1,1.0,0.0
5,1.0,2,98,27,2,4.5,97.5573770492,4.58496747867,4.46457590193,3.295836866,1,1.0,0.0
6,1.0,3,129,35,2,4.5,97.5573770492,4.85981240436,4.46457590193,3.55534806149,1,1.0,0.0
7,1.0,4,55,0,2,0.0,97.5573770492,4.00733318523,4.46457590193,0.0,0,1.0,0.0
8,0.0,2,100,13,2,5.0,97.5573770492,4.60517018599,4.46457590193,2.56494935746,1,1.0,0.0
9,1.0,1,58,6,1,4.5,97.5573770492,4.06044301055,4.46457590193,1.79175946923,1,1.0,0.0
10,0.0,2,130,1,2,0.0,97.5573770492,4.86753445046,4.46457590193,0.0,0,1.0,0.0
11,1.0,2,149,6,2,5.0,97.5573770492,5.00394630595,4.46457590193,1.79175946923,1,1.0,0.0
12,0.0,2,70,14,2,4.5,97.5573770492,4.24849524205,4.46457590193,2.63905732962,1,1.0,0.0
13,1.0,1,34,9,1,4.5,97.5573770492,3.52636052462,4.46457590193,2.19722457734,1,1.0,0.0
14,1.0,2,99,1,1,0.0,97.5573770492,4.59511985013,4.46457590193,0.0,0,1.0,0.0
15,1.0,2,62,1,1,0.0,97.5573770492,4.12713438505,4.46457590193,0.0,0,1.0,0.0
16,1.0,2,92,8,1,4.5,97.5573770492,4.52178857705,4.46457590193,2.07944154168,1,1.0,0.0
17,1.0,2,96,6,2,4.5,97.5573770492,4.56434819147,4.46457590193,1.79175946923,1,1.0,0.0
0,0.0,3,229,5,2,5.0,97.5573770492,5.43372200355,4.46457590193,1.60943791243,1,1.0,0.0
1,1.0,1,56,4,1,5.0,97.5573770492,4.02535169074,4.46457590193,1.38629436112,1,1.0,0.0
2,1.0,2,59,47,1,5.0,97.5573770492,4.07753744391,4.46457590193,3.85014760171,1,1.0,0.0
3,0.0,2,99,7,2,5.0,97.5573770492,4.59511985013,4.46457590193,1.94591014906,1,1.0,0.0
4,1.0,3,160,19,2,5.0,97.5573770492,5.07517381523,4.46457590193,2.94443897917,1,1.0,0.0
5,1.0,4,55,0,2,0.0,97.5573770492,4.00733318523,4.46457590193,0.0,0,1.0,0.0
6,1.0,1,99,22,1,4.5,97.5573770492,4.59511985013,4.46457590193,3.09104245336,1,1.0,0.0
7,0.0,2,99,2,2,0.0,97.5573770492,4.59511985013,4.46457590193,0.69314718056,0,1.0,0.0
8,0.0,2,132,0,2,0.0,97.5573770492,4.88280192259,4.46457590193,0.0,0,1.0,0.0
9,1.0,2,62,1,1,0.0,97.5573770492,4.12713438505,4.46457590193,0.0,0,1.0,0.0
10,1.0,2,68,7,1,5.0,97.5573770492,4.21950770518,4.46457590193,1.94591014906,1,1.0,0.0
11,1.0,2,99,1,1,0.0,97.5573770492,4.59511985013,4.46457590193,0.0,0,1.0,0.0
12,1.0,3,175,6,2,5.0,97.5573770492,5.16478597392,4.46457590193,1.79175946923,1,1.0,0.0
13,1.0,2,100,69,1,4.5,97.5573770492,4.60517018599,4.46457590193,4.2341065046,1,1.0,0.0
14,1.0,2,150,4,2,4.5,97.5573770492,5.0106352941,4.46457590193,1.38629436112,1,1.0,0.0
15,0.0,4,135,15,2,4.5,97.5573770492,4.90527477844,4.46457590193,2.7080502011,1,1.0,0.0
16,1.0,1,78,8,1,5.0,97.5573770492,4.35670882669,4.46457590193,2.07944154168,1,1.0,0.0
17,0.0,3,200,1,2,0.0,97.5573770492,5.29831736655,4.46457590193,0.0,0,1.0,0.0
0,0.0,2,110,7,2,4.5,97.5573770492,4.70048036579,4.46457590193,1.94591014906,1,1.0,0.0
1,0.0,2,235,5,2,5.0,97.5573770492,5.45958551414,4.46457590193,1.60943791243,1,1.0,0.0
2,1.0,2,130,8,2,5.0,97.5573770492,4.86753445046,4.46457590193,2.07944154168,1,1.0,0.0
3,1.0,2,80,4,2,4.5,97.5573770492,4.38202663467,4.46457590193,1.38629436112,1,1.0,0.0
4,0.0,2,99,2,2,0.0,97.5573770492,4.59511985013,4.46457590193,0.69314718056,0,1.0,0.0
5,1.0,2,57,9,1,5.0,97.5573770492,4.04305126783,4.46457590193,2.19722457734,1,1.0,0.0
6,2.0,6,160,5,2,4.5,97.5573770492,5.07517381523,4.46457590193,1.60943791243,1,1.0,0.0
7,1.0,4,200,3,2,4.5,97.5573770492,5.29831736655,4.46457590193,1.09861228867,1,1.0,0.0
8,1.0,2,100,3,2,4.5,97.5573770492,4.60517018599,4.46457590193,1.09861228867,1,1.0,0.0
9,0.0,4,116,3,2,5.0,97.5573770492,4.75359019111,4.46457590193,1.09861228867,1,1.0,0.0
10,1.0,1,30,1,1,0.0,97.5573770492,3.40119738166,4.46457590193,0.0,0,1.0,0.0
11,1.0,4,100,5,2,5.0,97.5573770492,4.60517018599,4.46457590193,1.60943791243,1,1.0,0.0
12,0.0,4,135,15,2,4.5,97.5573770492,4.90527477844,4.46457590193,2.7080502011,1,1.0,0.0
13,1.0,2,49,6,1,5.0,97.5573770492,3.89182029811,4.46457590193,1.79175946923,1,1.0,0.0
14,0.0,3,115,5,2,4.5,97.5573770492,4.74493212836,4.46457590193,1.60943791243,1,1.0,0.0
15,0.0,3,229,5,2,5.0,97.5573770492,5.43372200355,4.46457590193,1.60943791243,1,1.0,0.0
16,0.0,2,95,4,2,5.0,97.5573770492,4.5538768916,4.46457590193,1.38629436112,1,1.0,0.0
17,1.0,2,55,6,1,5.0,97.5573770492,4.00733318523,4.46457590193,1.79175946923,1,1.0,0.0
0,1.0,2,119,31,1,5.0,97.5573770492,4.77912349311,4.46457590193,3.43398720449,1,1.0,0.0
1,1.0,2,92,8,1,4.5,97.5573770492,4.52178857705,4.46457590193,2.07944154168,1,1.0,0.0
2,1.0,4,140,4,2,5.0,97.5573770492,4.94164242261,4.46457590193,1.38629436112,1,1.0,0.0
3,1.0,3,85,54,2,4.5,97.5573770492,4.44265125649,4.46457590193,3.98898404656,1,1.0,0.0
4,1.0,2,95,53,1,5.0,97.5573770492,4.5538768916,4.46457590193,3.97029191355,1,1.0,0.0
5,1.0,2,60,5,1,5.0,97.5573770492,4.09434456222,4.46457590193,1.60943791243,1,1.0,0.0
6,0.0,2,100,13,2,5.0,97.5573770492,4.60517018599,4.46457590193,2.56494935746,1,1.0,0.0
7,1.0,2,57,9,1,5.0,97.5573770492,4.04305126783,4.46457590193,2.19722457734,1,1.0,0.0
8,2.0,4,189,3,2,5.0,97.5573770492,5.24174701506,4.46457590193,1.09861228867,1,1.0,0.0
9,1.0,2,98,27,2,4.5,97.5573770492,4.58496747867,4.46457590193,3.295836866,1,1.0,0.0
10,1.0,3,95,4,2,5.0,97.5573770492,4.5538768916,4.46457590193,1.38629436112,1,1.0,0.0
11,0.0,4,116,3,2,5.0,97.5573770492,4.75359019111,4.46457590193,1.09861228867,1,1.0,0.0
12,2.0,4,200,12,2,0.0,97.5573770492,5.29831736655,4.46457590193,2.48490664979,0,1.0,0.0
13,1.0,1,20,7,0,5.0,97.5573770492,2.99573227355,4.46457590193,1.94591014906,1,1.0,0.0
14,1.0,1,70,180,0,5.0,97.5573770492,4.24849524205,4.46457590193,5.19295685089,1,1.0,0.0
15,0.0,2,125,8,2,5.0,97.5573770492,4.8283137373,4.46457590193,2.07944154168,1,1.0,0.0
16,0.0,2,150,0,2,0.0,97.5573770492,5.0106352941,4.46457590193,0.0,0,1.0,0.0
17,1.0,2,99,2,1,0.0,97.5573770492,4.59511985013,4.46457590193,0.69314718056,0,1.0,0.0
0,1.0,1,78,8,1,5.0,97.5573770492,4.35670882669,4.46457590193,2.07944154168,1,1.0,0.0
1,1.0,3,180,11,2,5.0,97.5573770492,5.19295685089,4.46457590193,2.3978952728,1,1.0,0.0
2,1.0,2,99,1,1,0.0,97.5573770492,4.59511985013,4.46457590193,0.0,0,1.0,0.0
3,0.0,2,100,13,2,5.0,97.5573770492,4.60517018599,4.46457590193,2.56494935746,1,1.0,0.0
4,1.0,4,135,1,2,0.0,97.5573770492,4.90527477844,4.46457590193,0.0,0,1.0,0.0
5,1.0,2,119,7,1,4.5,97.5573770492,4.77912349311,4.46457590193,1.94591014906,1,1.0,0.0
6,1.0,1,28,1,1,0.0,97.5573770492,3.33220451018,4.46457590193,0.0,0,1.0,0.0
7,2.0,8,275,1,2,0.0,97.5573770492,5.61677109767,4.46457590193,0.0,0,1.0,0.0
8,1.0,2,65,10,1,4.5,97.5573770492,4.1743872699,4.46457590193,2.30258509299,1,1.0,0.0
9,1.0,4,275,0,2,0.0,97.5573770492,5.61677109767,4.46457590193,0.0,0,1.0,0.0
10,1.0,1,43,27,1,5.0,97.5573770492,3.76120011569,4.46457590193,3.295836866,1,1.0,0.0
11,1.0,1,50,1,1,0.0,97.5573770492,3.91202300543,4.46457590193,0.0,0,1.0,0.0
12,0.0,1,120,10,2,4.5,97.5573770492,4.78749174278,4.46457590193,2.30258509299,1,1.0,0.0
13,1.0,1,34,9,1,4.5,97.5573770492,3.52636052462,4.46457590193,2.19722457734,1,1.0,0.0
14,1.0,1,90,15,1,5.0,97.5573770492,4.49980967033,4.46457590193,2.7080502011,1,1.0,0.0
15,1.0,2,45,5,1,4.5,97.5573770492,3.80666248977,4.46457590193,1.60943791243,1,1.0,0.0
16,1.0,2,45,7,1,4.5,97.5573770492,3.80666248977,4.46457590193,1.94591014906,1,1.0,0.0
17,1.0,4,304,0,2,0.0,97.5573770492,5.71702770141,4.46457590193,0.0,0,1.0,0.0
0,1.0,1,40,0,1,0.0,97.5573770492,3.68887945411,4.46457590193,0.0,0,1.0,0.0
1,1.0,2,65,4,1,4.5,97.5573770492,4.1743872699,4.46457590193,1.38629436112,1,1.0,0.0
2,1.0,2,80,10,0,5.0,97.5573770492,4.38202663467,4.46457590193,2.30258509299,1,1.0,0.0
3,1.0,1,28,5,1,5.0,97.5573770492,3.33220451018,4.46457590193,1.60943791243,1,1.0,0.0
4,1.0,1,45,4,1,5.0,97.5573770492,3.80666248977,4.46457590193,1.38629436112,1,1.0,0.0
5,1.0,4,45,3,2,4.5,97.5573770492,3.80666248977,4.46457590193,1.09861228867,1,1.0,0.0
6,1.0,2,75,70,1,4.5,97.5573770492,4.31748811354,4.46457590193,4.24849524205,1,1.0,0.0
7,1.0,2,95,5,2,5.0,97.5573770492,4.5538768916,4.46457590193,1.60943791243,1,1.0,0.0
8,1.0,2,59,41,1,5.0,97.5573770492,4.07753744391,4.46457590193,3.7135720667,1,1.0,0.0
9,0.0,2,235,5,2,5.0,97.5573770492,5.45958551414,4.46457590193,1.60943791243,1,1.0,0.0
10,1.0,2,100,2,1,0.0,97.5573770492,4.60517018599,4.46457590193,0.69314718056,0,1.0,0.0
11,0.0,2,95,15,2,5.0,97.5573770492,4.5538768916,4.46457590193,2.7080502011,1,1.0,0.0
12,1.0,3,170,24,2,4.5,97.5573770492,5.13579843705,4.46457590193,3.17805383035,1,1.0,0.0
13,1.0,4,100,2,2,0.0,97.5573770492,4.60517018599,4.46457590193,0.69314718056,0,1.0,0.0
14,0.0,2,170,11,2,4.5,97.5573770492,5.13579843705,4.46457590193,2.3978952728,1,1.0,0.0
15,1.0,2,47,12,1,5.0,97.5573770492,3.85014760171,4.46457590193,2.48490664979,1,1.0,0.0
16,1.0,2,98,0,2,0.0,97.5573770492,4.58496747867,4.46457590193,0.0,0,1.0,0.0
17,1.0,2,70,35,1,4.5,97.5573770492,4.24849524205,4.46457590193,3.55534806149,1,1.0,0.0
0,1.0,1,40,3,1,5.0,97.5573770492,3.68887945411,4.46457590193,1.09861228867,1,1.0,0.0
1,1.0,2,90,6,1,4.5,97.5573770492,4.49980967033,4.46457590193,1.79175946923,1,1.0,0.0
2,1.0,2,130,17,2,5.0,97.5573770492,4.86753445046,4.46457590193,2.83321334406,1,1.0,0.0
3,1.0,2,110,6,1,5.0,97.5573770492,4.70048036579,4.46457590193,1.79175946923,1,1.0,0.0
4,0.0,4,165,11,2,5.0,97.5573770492,5.1059454739,4.46457590193,2.3978952728,1,1.0,0.0
5,1.0,2,119,7,1,4.5,97.5573770492,4.77912349311,4.46457590193,1.94591014906,1,1.0,0.0
6,1.0,1,42,20,1,5.0,97.5573770492,3.73766961828,4.46457590193,2.99573227355,1,1.0,0.0
7,1.0,1,65,11,1,5.0,97.5573770492,4.1743872699,4.46457590193,2.3978952728,1,1.0,0.0
8,1.0,2,118,29,2,5.0,97.5573770492,4.77068462447,4.46457590193,3.36729582999,1,1.0,0.0
9,1.0,1,50,0,1,0.0,97.5573770492,3.91202300543,4.46457590193,0.0,0,1.0,0.0
10,1.0,1,50,0,1,0.0,97.5573770492,3.91202300543,4.46457590193,0.0,0,1.0,0.0
11,1.0,2,90,2,2,0.0,97.5573770492,4.49980967033,4.46457590193,0.69314718056,0,1.0,0.0
12,0.0,2,100,17,2,4.5,97.5573770492,4.60517018599,4.46457590193,2.83321334406,1,1.0,0.0
13,1.0,4,70,0,2,0.0,97.5573770492,4.24849524205,4.46457590193,0.0,0,1.0,0.0
14,1.0,3,99,0,1,0.0,97.5573770492,4.59511985013,4.46457590193,0.0,0,1.0,0.0
15,1.0,2,70,0,1,0.0,97.5573770492,4.24849524205,4.46457590193,0.0,0,1.0,0.0
16,1.0,2,100,5,2,4.5,97.5573770492,4.60517018599,4.46457590193,1.60943791243,1,1.0,0.0
17,1.0,2,150,2,1,0.0,97.5573770492,5.0106352941,4.46457590193,0.69314718056,0,1.0,0.0
0,1.0,1,45,4,1,5.0,97.5573770492,3.80666248977,4.46457590193,1.38629436112,1,1.0,0.0
1,1.0,2,50,2,1,0.0,97.5573770492,3.91202300543,4.46457590193,0.69314718056,0,1.0,0.0
2,1.0,4,45,3,2,4.5,97.5573770492,3.80666248977,4.46457590193,1.09861228867,1,1.0,0.0
3,1.0,2,75,70,1,4.5,97.5573770492,4.31748811354,4.46457590193,4.24849524205,1,1.0,0.0
4,1.0,3,135,15,1,5.0,97.5573770492,4.90527477844,4.46457590193,2.7080502011,1,1.0,0.0
5,1.0,2,95,5,2,5.0,97.5573770492,4.5538768916,4.46457590193,1.60943791243,1,1.0,0.0
6,1.0,2,59,41,1,5.0,97.5573770492,4.07753744391,4.46457590193,3.7135720667,1,1.0,0.0
7,1.0,2,129,14,1,5.0,97.5573770492,4.85981240436,4.46457590193,2.63905732962,1,1.0,0.0
8,0.0,2,235,5,2,5.0,97.5573770492,5.45958551414,4.46457590193,1.60943791243,1,1.0,0.0
9,1.0,2,120,9,2,5.0,97.5573770492,4.78749174278,4.46457590193,2.19722457734,1,1.0,0.0
10,1.0,1,40,5,0,5.0,97.5573770492,3.68887945411,4.46457590193,1.60943791243,1,1.0,0.0
11,1.0,2,100,2,1,0.0,97.5573770492,4.60517018599,4.46457590193,0.69314718056,0,1.0,0.0
12,1.0,2,100,3,1,5.0,97.5573770492,4.60517018599,4.46457590193,1.09861228867,1,1.0,0.0
13,1.0,2,169,5,2,5.0,97.5573770492,5.12989871492,4.46457590193,1.60943791243,1,1.0,0.0
14,0.0,2,95,15,2,5.0,97.5573770492,4.5538768916,4.46457590193,2.7080502011,1,1.0,0.0
15,1.0,4,100,2,2,0.0,97.5573770492,4.60517018599,4.46457590193,0.69314718056,0,1.0,0.0
16,1.0,1,52,30,1,4.5,97.5573770492,3.95124371858,4.46457590193,3.40119738166,1,1.0,0.0
17,0.0,2,64,1,2,0.0,97.5573770492,4.15888308336,4.46457590193,0.0,0,1.0,0.0
0,1.0,1,39,13,1,4.5,97.5573770492,3.66356164613,4.46457590193,2.56494935746,1,1.0,0.0
1,0.0,2,89,1,2,0.0,97.5573770492,4.48863636973,4.46457590193,0.0,0,1.0,0.0
2,2.0,4,75,3,2,5.0,97.5573770492,4.31748811354,4.46457590193,1.09861228867,1,1.0,0.0
3,1.0,2,52,13,1,5.0,97.5573770492,3.95124371858,4.46457590193,2.56494935746,1,1.0,0.0
4,0.0,3,115,5,2,4.5,97.5573770492,4.74493212836,4.46457590193,1.60943791243,1,1.0,0.0
5,1.0,1,48,41,1,5.0,97.5573770492,3.87120101091,4.46457590193,3.7135720667,1,1.0,0.0
6,1.0,2,47,17,1,4.5,97.5573770492,3.85014760171,4.46457590193,2.83321334406,1,1.0,0.0
7,1.0,1,45,5,1,4.5,97.5573770492,3.80666248977,4.46457590193,1.60943791243,1,1.0,0.0
8,0.0,2,67,15,2,5.0,97.5573770492,4.20469261939,4.46457590193,2.7080502011,1,1.0,0.0
9,0.0,2,145,0,2,0.0,97.5573770492,4.97673374242,4.46457590193,0.0,0,1.0,0.0
10,1.0,1,90,20,1,5.0,97.5573770492,4.49980967033,4.46457590193,2.99573227355,1,1.0,0.0
11,0.0,2,185,10,2,5.0,97.5573770492,5.22035582508,4.46457590193,2.30258509299,1,1.0,0.0
12,1.0,1,60,4,1,4.5,97.5573770492,4.09434456222,4.46457590193,1.38629436112,1,1.0,0.0
13,2.0,2,65,1,2,0.0,97.5573770492,4.1743872699,4.46457590193,0.0,0,1.0,0.0
14,1.0,1,65,2,1,0.0,97.5573770492,4.1743872699,4.46457590193,0.69314718056,0,1.0,0.0
15,1.0,3,139,88,2,4.5,97.5573770492,4.93447393313,4.46457590193,4.47733681448,1,1.0,0.0
16,1.0,2,58,94,1,5.0,97.5573770492,4.06044301055,4.46457590193,4.54329478227,1,1.0,0.0
17,1.0,1,69,22,1,4.5,97.5573770492,4.2341065046,4.46457590193,3.09104245336,1,1.0,0.0
0,1.0,3,175,11,2,5.0,97.5573770492,5.16478597392,4.46457590193,2.3978952728,1,1.0,0.0
1,1.0,2,63,4,1,4.5,97.5573770492,4.14313472639,4.46457590193,1.38629436112,1,1.0,0.0
2,1.0,1,85,1,1,0.0,97.5573770492,4.44265125649,4.46457590193,0.0,0,1.0,0.0
3,1.0,2,85,0,2,0.0,97.5573770492,4.44265125649,4.46457590193,0.0,0,1.0,0.0
4,2.0,3,150,3,2,4.5,97.5573770492,5.0106352941,4.46457590193,1.09861228867,1,1.0,0.0
5,1.0,2,48,5,1,5.0,97.5573770492,3.87120101091,4.46457590193,1.60943791243,1,1.0,0.0
6,0.0,3,65,16,2,4.5,97.5573770492,4.1743872699,4.46457590193,2.77258872224,1,1.0,0.0
7,1.0,2,100,0,1,0.0,97.5573770492,4.60517018599,4.46457590193,0.0,0,1.0,0.0
8,1.0,1,40,44,1,5.0,97.5573770492,3.68887945411,4.46457590193,3.78418963392,1,1.0,0.0
9,1.0,4,135,10,2,4.5,97.5573770492,4.90527477844,4.46457590193,2.30258509299,1,1.0,0.0
10,1.0,1,39,13,1,4.5,97.5573770492,3.66356164613,4.46457590193,2.56494935746,1,1.0,0.0
11,1.0,2,60,5,1,5.0,97.5573770492,4.09434456222,4.46457590193,1.60943791243,1,1.0,0.0
12,1.0,1,65,3,1,4.0,97.5573770492,4.1743872699,4.46457590193,1.09861228867,1,1.0,0.0
13,1.0,2,65,0,1,0.0,97.5573770492,4.1743872699,4.46457590193,0.0,0,1.0,0.0
14,0.0,2,89,1,2,0.0,97.5573770492,4.48863636973,4.46457590193,0.0,0,1.0,0.0
15,2.0,4,75,3,2,5.0,97.5573770492,4.31748811354,4.46457590193,1.09861228867,1,1.0,0.0
16,1.0,2,52,13,1,5.0,97.5573770492,3.95124371858,4.46457590193,2.56494935746,1,1.0,0.0
17,0.0,3,115,5,2,4.5,97.5573770492,4.74493212836,4.46457590193,1.60943791243,1,1.0,0.0
0,1.0,2,70,0,1,0.0,97.5573770492,4.24849524205,4.46457590193,0.0,0,1.0,0.0
1,1.0,2,95,28,1,4.5,97.5573770492,4.5538768916,4.46457590193,3.33220451018,1,1.0,0.0
2,1.0,2,65,128,1,5.0,97.5573770492,4.1743872699,4.46457590193,4.85203026392,1,1.0,0.0
3,0.0,2,106,2,2,0.0,97.5573770492,4.66343909411,4.46457590193,0.69314718056,0,1.0,0.0
4,1.0,2,95,132,1,4.5,97.5573770492,4.5538768916,4.46457590193,4.88280192259,1,1.0,0.0
5,1.0,2,190,0,2,0.0,97.5573770492,5.24702407216,4.46457590193,0.0,0,1.0,0.0
6,1.0,1,89,98,1,4.5,97.5573770492,4.48863636973,4.46457590193,4.58496747867,1,1.0,0.0
7,1.0,4,85,1,1,0.0,97.5573770492,4.44265125649,4.46457590193,0.0,0,1.0,0.0
8,1.0,4,165,10,2,4.5,97.5573770492,5.1059454739,4.46457590193,2.30258509299,1,1.0,0.0
9,1.0,2,75,23,1,4.5,97.5573770492,4.31748811354,4.46457590193,3.13549421593,1,1.0,0.0
10,1.0,2,125,10,1,5.0,97.5573770492,4.8283137373,4.46457590193,2.30258509299,1,1.0,0.0
11,1.0,2,71,14,1,4.0,97.5573770492,4.26267987704,4.46457590193,2.63905732962,1,1.0,0.0
12,0.0,5,102,12,2,5.0,97.5573770492,4.62497281328,4.46457590193,2.48490664979,1,1.0,0.0
13,1.0,2,84,29,1,5.0,97.5573770492,4.43081679884,4.46457590193,3.36729582999,1,1.0,0.0
14,1.0,2,39,32,1,4.5,97.5573770492,3.66356164613,4.46457590193,3.4657359028,1,1.0,0.0
15,1.0,2,170,3,2,4.5,97.5573770492,5.13579843705,4.46457590193,1.09861228867,1,1.0,0.0
16,1.0,3,139,88,2,4.5,97.5573770492,4.93447393313,4.46457590193,4.47733681448,1,1.0,0.0
17,1.0,2,224,7,2,5.0,97.5573770492,5.41164605186,4.46457590193,1.94591014906,1,1.0,0.0
0,0.0,2,130,11,2,5.0,97.5573770492,4.86753445046,4.46457590193,2.3978952728,1,1.0,0.0
1,1.0,2,79,2,1,0.0,97.5573770492,4.36944785247,4.46457590193,0.69314718056,0,1.0,0.0
2,1.0,2,100,3,1,5.0,97.5573770492,4.60517018599,4.46457590193,1.09861228867,1,1.0,0.0
3,1.0,2,85,0,1,0.0,97.5573770492,4.44265125649,4.46457590193,0.0,0,1.0,0.0
4,1.0,3,100,14,1,4.5,97.5573770492,4.60517018599,4.46457590193,2.63905732962,1,1.0,0.0
5,1.0,2,120,1,2,0.0,97.5573770492,4.78749174278,4.46457590193,0.0,0,1.0,0.0
6,1.0,2,99,12,1,5.0,97.5573770492,4.59511985013,4.46457590193,2.48490664979,1,1.0,0.0
7,1.0,2,105,18,2,5.0,97.5573770492,4.65396035016,4.46457590193,2.8903717579,1,1.0,0.0
8,1.0,2,90,11,2,5.0,97.5573770492,4.49980967033,4.46457590193,2.3978952728,1,1.0,0.0
9,1.0,2,90,18,1,5.0,97.5573770492,4.49980967033,4.46457590193,2.8903717579,1,1.0,0.0
10,1.0,2,104,81,1,4.5,97.5573770492,4.64439089914,4.46457590193,4.39444915467,1,1.0,0.0
11,1.0,3,110,2,2,0.0,97.5573770492,4.70048036579,4.46457590193,0.69314718056,0,1.0,0.0
12,1.0,2,138,0,2,0.0,97.5573770492,4.92725368516,4.46457590193,0.0,0,1.0,0.0
13,1.0,1,68,54,1,5.0,97.5573770492,4.21950770518,4.46457590193,3.98898404656,1,1.0,0.0
14,1.0,1,50,2,1,0.0,97.5573770492,3.91202300543,4.46457590193,0.69314718056,0,1.0,0.0
15,1.0,2,89,39,1,5.0,97.5573770492,4.48863636973,4.46457590193,3.66356164613,1,1.0,0.0
16,1.0,2,80,10,2,5.0,97.5573770492,4.38202663467,4.46457590193,2.30258509299,1,1.0,0.0
17,1.0,1,65,114,1,4.5,97.5573770492,4.1743872699,4.46457590193,4.73619844839,1,1.0,0.0
0,0.0,2,70,20,2,5.0,97.5573770492,4.24849524205,4.46457590193,2.99573227355,1,1.0,0.0
1,1.0,2,80,2,1,0.0,97.5573770492,4.38202663467,4.46457590193,0.69314718056,0,1.0,0.0
2,2.0,4,110,4,2,5.0,97.5573770492,4.70048036579,4.46457590193,1.38629436112,1,1.0,0.0
3,1.0,1,65,2,1,0.0,97.5573770492,4.1743872699,4.46457590193,0.69314718056,0,1.0,0.0
4,1.0,2,60,2,1,0.0,97.5573770492,4.09434456222,4.46457590193,0.69314718056,0,1.0,0.0
5,1.0,2,45,16,1,5.0,97.5573770492,3.80666248977,4.46457590193,2.77258872224,1,1.0,0.0
6,1.0,2,49,22,1,5.0,97.5573770492,3.89182029811,4.46457590193,3.09104245336,1,1.0,0.0
7,2.0,4,249,1,2,0.0,97.5573770492,5.51745289646,4.46457590193,0.0,0,1.0,0.0
8,0.0,4,169,2,2,0.0,97.5573770492,5.12989871492,4.46457590193,0.69314718056,0,1.0,0.0
9,1.0,1,40,1,1,0.0,97.5573770492,3.68887945411,4.46457590193,0.0,0,1.0,0.0
10,1.0,2,59,1,1,0.0,97.5573770492,4.07753744391,4.46457590193,0.0,0,1.0,0.0
11,1.0,2,80,35,1,4.5,97.5573770492,4.38202663467,4.46457590193,3.55534806149,1,1.0,0.0
12,1.0,2,120,5,2,5.0,97.5573770492,4.78749174278,4.46457590193,1.60943791243,1,1.0,0.0
13,1.0,2,50,2,1,0.0,97.5573770492,3.91202300543,4.46457590193,0.69314718056,0,1.0,0.0
14,1.0,3,135,15,1,5.0,97.5573770492,4.90527477844,4.46457590193,2.7080502011,1,1.0,0.0
15,0.0,2,110,9,2,4.5,97.5573770492,4.70048036579,4.46457590193,2.19722457734,1,1.0,0.0
16,1.0,2,60,11,1,4.0,97.5573770492,4.09434456222,4.46457590193,2.3978952728,1,1.0,0.0
17,1.0,2,110,3,2,5.0,97.5573770492,4.70048036579,4.46457590193,1.09861228867,1,1.0,0.0
0,0.0,2,191,1,2,0.0,97.5573770492,5.25227342805,4.46457590193,0.0,0,1.0,0.0
1,1.0,4,150,0,2,0.0,97.5573770492,5.0106352941,4.46457590193,0.0,0,1.0,0.0
2,1.0,2,65,4,1,4.0,97.5573770492,4.1743872699,4.46457590193,1.38629436112,1,1.0,0.0
3,1.0,1,85,6,1,4.5,97.5573770492,4.44265125649,4.46457590193,1.79175946923,1,1.0,0.0
4,1.0,2,60,1,1,0.0,97.5573770492,4.09434456222,4.46457590193,0.0,0,1.0,0.0
5,1.0,1,85,27,1,5.0,97.5573770492,4.44265125649,4.46457590193,3.295836866,1,1.0,0.0
6,1.0,2,100,1,2,0.0,97.5573770492,4.60517018599,4.46457590193,0.0,0,1.0,0.0
7,1.0,2,45,36,1,5.0,97.5573770492,3.80666248977,4.46457590193,3.58351893846,1,1.0,0.0
8,1.0,2,70,4,1,5.0,97.5573770492,4.24849524205,4.46457590193,1.38629436112,1,1.0,0.0
9,1.0,2,199,22,2,5.0,97.5573770492,5.29330482472,4.46457590193,3.09104245336,1,1.0,0.0
10,1.0,2,100,21,1,5.0,97.5573770492,4.60517018599,4.46457590193,3.04452243772,1,1.0,0.0
11,0.0,2,110,5,2,4.5,97.5573770492,4.70048036579,4.46457590193,1.60943791243,1,1.0,0.0
12,1.0,2,120,1,2,0.0,97.5573770492,4.78749174278,4.46457590193,0.0,0,1.0,0.0
13,1.0,2,89,93,2,4.5,97.5573770492,4.48863636973,4.46457590193,4.53259949315,1,1.0,0.0
14,1.0,1,48,5,1,5.0,97.5573770492,3.87120101091,4.46457590193,1.60943791243,1,1.0,0.0
15,1.0,2,100,26,1,5.0,97.5573770492,4.60517018599,4.46457590193,3.25809653802,1,1.0,0.0
16,1.0,2,85,108,1,4.5,97.5573770492,4.44265125649,4.46457590193,4.68213122712,1,1.0,0.0
17,1.0,3,170,21,2,5.0,97.5573770492,5.13579843705,4.46457590193,3.04452243772,1,1.0,0.0
0,1.0,2,60,5,1,5.0,97.5573770492,4.09434456222,4.46457590193,1.60943791243,1,1.0,0.0
1,0.0,1,110,12,2,5.0,97.5573770492,4.70048036579,4.46457590193,2.48490664979,1,1.0,0.0
2,1.0,2,60,2,1,0.0,97.5573770492,4.09434456222,4.46457590193,0.69314718056,0,1.0,0.0
3,1.0,2,64,3,1,5.0,97.5573770492,4.15888308336,4.46457590193,1.09861228867,1,1.0,0.0
4,1.0,2,90,5,1,5.0,97.5573770492,4.49980967033,4.46457590193,1.60943791243,1,1.0,0.0
5,1.0,2,50,15,1,5.0,97.5573770492,3.91202300543,4.46457590193,2.7080502011,1,1.0,0.0
6,1.0,2,100,3,1,5.0,97.5573770492,4.60517018599,4.46457590193,1.09861228867,1,1.0,0.0
7,1.0,3,73,28,1,4.0,97.5573770492,4.29045944115,4.46457590193,3.33220451018,1,1.0,0.0
8,1.0,2,59,105,1,5.0,97.5573770492,4.07753744391,4.46457590193,4.65396035016,1,1.0,0.0
9,3.0,8,215,0,2,0.0,97.5573770492,5.37063802813,4.46457590193,0.0,0,1.0,0.0
10,1.0,2,90,4,1,5.0,97.5573770492,4.49980967033,4.46457590193,1.38629436112,1,1.0,0.0
11,1.0,3,99,87,2,4.5,97.5573770492,4.59511985013,4.46457590193,4.46590811865,1,1.0,0.0
12,1.0,2,75,6,1,5.0,97.5573770492,4.31748811354,4.46457590193,1.79175946923,1,1.0,0.0
13,0.0,2,100,17,2,4.5,97.5573770492,4.60517018599,4.46457590193,2.83321334406,1,1.0,0.0
14,1.0,2,100,8,1,5.0,97.5573770492,4.60517018599,4.46457590193,2.07944154168,1,1.0,0.0
15,1.0,3,200,4,2,5.0,97.5573770492,5.29831736655,4.46457590193,1.38629436112,1,1.0,0.0
16,1.0,2,250,12,2,4.5,97.5573770492,5.52146091786,4.46457590193,2.48490664979,1,1.0,0.0
17,1.0,1,65,0,1,0.0,97.5573770492,4.1743872699,4.46457590193,0.0,0,1.0,0.0
0,1.0,2,66,15,1,4.5,97.5573770492,4.18965474203,4.46457590193,2.7080502011,1,1.0,0.0
1,1.0,2,75,6,2,5.0,97.5573770492,4.31748811354,4.46457590193,1.79175946923,1,1.0,0.0
2,1.0,1,20,2,0,0.0,97.5573770492,2.99573227355,4.46457590193,0.69314718056,0,1.0,0.0
3,1.0,2,50,12,1,4.5,97.5573770492,3.91202300543,4.46457590193,2.48490664979,1,1.0,0.0
4,1.0,2,125,9,2,5.0,97.5573770492,4.8283137373,4.46457590193,2.19722457734,1,1.0,0.0
5,1.0,2,70,3,1,5.0,97.5573770492,4.24849524205,4.46457590193,1.09861228867,1,1.0,0.0
6,1.0,2,65,4,1,4.0,97.5573770492,4.1743872699,4.46457590193,1.38629436112,1,1.0,0.0
7,1.0,2,63,5,1,4.5,97.5573770492,4.14313472639,4.46457590193,1.60943791243,1,1.0,0.0
8,1.0,1,85,22,1,5.0,97.5573770492,4.44265125649,4.46457590193,3.09104245336,1,1.0,0.0
9,0.0,2,50,18,2,4.5,97.5573770492,3.91202300543,4.46457590193,2.8903717579,1,1.0,0.0
10,1.0,2,61,1,1,0.0,97.5573770492,4.11087386417,4.46457590193,0.0,0,1.0,0.0
11,1.0,1,60,1,1,0.0,97.5573770492,4.09434456222,4.46457590193,0.0,0,1.0,0.0
12,1.0,1,66,44,0,4.5,97.5573770492,4.18965474203,4.46457590193,3.78418963392,1,1.0,0.0
13,0.0,2,140,1,2,0.0,97.5573770492,4.94164242261,4.46457590193,0.0,0,1.0,0.0
14,1.0,2,96,6,2,4.5,97.5573770492,4.56434819147,4.46457590193,1.79175946923,1,1.0,0.0
15,1.0,2,105,100,1,4.5,97.5573770492,4.65396035016,4.46457590193,4.60517018599,1,1.0,0.0
16,0.0,4,185,88,2,5.0,97.5573770492,5.22035582508,4.46457590193,4.47733681448,1,1.0,0.0
17,1.0,1,65,0,1,0.0,97.5573770492,4.1743872699,4.46457590193,0.0,0,1.0,0.0
0,2.0,4,250,0,2,0.0,83.9803921569,5.52146091786,4.33854159935,0.0,0,0.0,0.0
1,1.0,2,42,3,1,5.0,83.9803921569,3.73766961828,4.33854159935,1.09861228867,1,0.0,0.0
2,1.0,3,65,7,2,4.5,83.9803921569,4.1743872699,4.33854159935,1.94591014906,1,0.0,0.0
3,2.0,4,140,9,2,4.5,83.9803921569,4.94164242261,4.33854159935,2.19722457734,1,0.0,0.0
4,0.0,2,169,2,2,0.0,83.9803921569,5.12989871492,4.33854159935,0.69314718056,0,0.0,0.0
5,1.0,2,90,22,1,5.0,83.9803921569,4.49980967033,4.33854159935,3.09104245336,1,0.0,0.0
6,1.0,2,40,1,1,0.0,83.9803921569,3.68887945411,4.33854159935,0.0,0,0.0,0.0
7,1.0,2,60,27,1,5.0,83.9803921569,4.09434456222,4.33854159935,3.295836866,1,0.0,0.0
8,2.0,4,165,1,2,0.0,83.9803921569,5.1059454739,4.33854159935,0.0,0,0.0,0.0
9,0.0,2,85,33,2,5.0,83.9803921569,4.44265125649,4.33854159935,3.49650756147,1,0.0,0.0
10,0.0,2,75,157,2,5.0,83.9803921569,4.31748811354,4.33854159935,5.05624580535,1,0.0,0.0
11,1.0,2,49,1,1,0.0,83.9803921569,3.89182029811,4.33854159935,0.0,0,0.0,0.0
12,1.0,2,95,22,1,5.0,83.9803921569,4.5538768916,4.33854159935,3.09104245336,1,0.0,0.0
13,1.0,2,40,8,1,4.5,83.9803921569,3.68887945411,4.33854159935,2.07944154168,1,0.0,0.0
14,1.0,2,85,263,1,4.5,83.9803921569,4.44265125649,4.33854159935,5.57215403218,1,0.0,0.0
15,1.0,2,90,1,1,0.0,83.9803921569,4.49980967033,4.33854159935,0.0,0,0.0,0.0
16,1.0,2,55,4,0,5.0,83.9803921569,4.00733318523,4.33854159935,1.38629436112,1,0.0,0.0
17,1.0,3,90,0,1,0.0,83.9803921569,4.49980967033,4.33854159935,0.0,0,0.0,0.0
0,1.0,2,110,39,2,5.0,83.9803921569,4.70048036579,4.33854159935,3.66356164613,1,0.0,0.0
1,1.0,2,75,24,1,4.5,83.9803921569,4.31748811354,4.33854159935,3.17805383035,1,0.0,0.0
2,1.0,2,59,15,1,5.0,83.9803921569,4.07753744391,4.33854159935,2.7080502011,1,0.0,0.0
3,2.0,4,165,1,2,0.0,83.9803921569,5.1059454739,4.33854159935,0.0,0,0.0,0.0
4,1.0,1,50,26,1,5.0,83.9803921569,3.91202300543,4.33854159935,3.25809653802,1,0.0,0.0
5,1.0,3,90,0,1,0.0,83.9803921569,4.49980967033,4.33854159935,0.0,0,0.0,0.0
6,1.0,2,54,8,1,4.5,83.9803921569,3.98898404656,4.33854159935,2.07944154168,1,0.0,0.0
7,0.0,2,85,33,2,5.0,83.9803921569,4.44265125649,4.33854159935,3.49650756147,1,0.0,0.0
8,2.0,4,140,9,2,4.5,83.9803921569,4.94164242261,4.33854159935,2.19722457734,1,0.0,0.0
9,0.0,2,61,36,2,4.5,83.9803921569,4.11087386417,4.33854159935,3.58351893846,1,0.0,0.0
10,1.0,2,41,28,1,5.0,83.9803921569,3.7135720667,4.33854159935,3.33220451018,1,0.0,0.0
11,1.0,1,25,0,1,0.0,83.9803921569,3.21887582487,4.33854159935,0.0,0,0.0,0.0
12,1.0,2,71,7,1,5.0,83.9803921569,4.26267987704,4.33854159935,1.94591014906,1,0.0,0.0
13,1.0,2,35,10,0,5.0,83.9803921569,3.55534806149,4.33854159935,2.30258509299,1,0.0,0.0
14,2.0,8,120,6,2,0.0,83.9803921569,4.78749174278,4.33854159935,1.79175946923,0,0.0,0.0
15,1.0,2,45,2,1,0.0,83.9803921569,3.80666248977,4.33854159935,0.69314718056,0,0.0,0.0
16,1.0,2,55,34,1,5.0,83.9803921569,4.00733318523,4.33854159935,3.52636052462,1,0.0,0.0
17,1.0,1,52,25,1,5.0,83.9803921569,3.95124371858,4.33854159935,3.21887582487,1,0.0,0.0
0,2.0,4,85,1,2,0.0,83.9803921569,4.44265125649,4.33854159935,0.0,0,0.0,0.0
1,1.0,2,79,6,1,5.0,83.9803921569,4.36944785247,4.33854159935,1.79175946923,1,0.0,0.0
2,0.0,2,85,78,2,5.0,83.9803921569,4.44265125649,4.33854159935,4.35670882669,1,0.0,0.0
3,1.0,2,87,95,2,5.0,83.9803921569,4.46590811865,4.33854159935,4.5538768916,1,0.0,0.0
4,0.0,2,58,141,2,5.0,83.9803921569,4.06044301055,4.33854159935,4.94875989038,1,0.0,0.0
5,1.0,4,95,12,2,5.0,83.9803921569,4.5538768916,4.33854159935,2.48490664979,1,0.0,0.0
6,1.0,2,70,9,2,5.0,83.9803921569,4.24849524205,4.33854159935,2.19722457734,1,0.0,0.0
7,1.0,1,37,9,0,5.0,83.9803921569,3.61091791264,4.33854159935,2.19722457734,1,0.0,0.0
8,1.0,2,98,121,2,5.0,83.9803921569,4.58496747867,4.33854159935,4.7957905456,1,0.0,0.0
9,1.0,2,35,10,0,5.0,83.9803921569,3.55534806149,4.33854159935,2.30258509299,1,0.0,0.0
10,0.0,3,75,51,2,4.5,83.9803921569,4.31748811354,4.33854159935,3.93182563272,1,0.0,0.0
11,2.0,6,249,0,2,0.0,83.9803921569,5.51745289646,4.33854159935,0.0,0,0.0,0.0
12,1.0,2,60,2,0,0.0,83.9803921569,4.09434456222,4.33854159935,0.69314718056,0,0.0,0.0
13,1.0,2,70,108,1,5.0,83.9803921569,4.24849524205,4.33854159935,4.68213122712,1,0.0,0.0
14,1.0,2,65,7,1,5.0,83.9803921569,4.1743872699,4.33854159935,1.94591014906,1,0.0,0.0
15,1.0,2,99,8,2,5.0,83.9803921569,4.59511985013,4.33854159935,2.07944154168,1,0.0,0.0
16,1.0,2,90,127,2,5.0,83.9803921569,4.49980967033,4.33854159935,4.84418708646,1,0.0,0.0
17,1.0,2,60,40,1,5.0,83.9803921569,4.09434456222,4.33854159935,3.68887945411,1,0.0,0.0
0,0.0,2,106,9,2,5.0,83.9803921569,4.66343909411,4.33854159935,2.19722457734,1,0.0,0.0
1,1.0,2,79,6,1,5.0,83.9803921569,4.36944785247,4.33854159935,1.79175946923,1,0.0,0.0
2,0.0,2,169,2,2,0.0,83.9803921569,5.12989871492,4.33854159935,0.69314718056,0,0.0,0.0
3,1.0,2,65,49,1,4.5,83.9803921569,4.1743872699,4.33854159935,3.89182029811,1,0.0,0.0
4,1.0,2,47,77,1,4.5,83.9803921569,3.85014760171,4.33854159935,4.34380542185,1,0.0,0.0
5,1.0,1,58,14,1,5.0,83.9803921569,4.06044301055,4.33854159935,2.63905732962,1,0.0,0.0
6,1.0,2,100,47,1,4.5,83.9803921569,4.60517018599,4.33854159935,3.85014760171,1,0.0,0.0
7,0.0,2,70,167,2,4.5,83.9803921569,4.24849524205,4.33854159935,5.11799381242,1,0.0,0.0
8,1.0,1,30,31,0,4.5,83.9803921569,3.40119738166,4.33854159935,3.43398720449,1,0.0,0.0
9,1.0,2,119,19,2,5.0,83.9803921569,4.77912349311,4.33854159935,2.94443897917,1,0.0,0.0
10,1.0,2,95,55,1,5.0,83.9803921569,4.5538768916,4.33854159935,4.00733318523,1,0.0,0.0
11,0.0,2,89,15,2,4.5,83.9803921569,4.48863636973,4.33854159935,2.7080502011,1,0.0,0.0
12,1.0,2,40,17,1,4.5,83.9803921569,3.68887945411,4.33854159935,2.83321334406,1,0.0,0.0
13,1.0,2,99,6,1,5.0,83.9803921569,4.59511985013,4.33854159935,1.79175946923,1,0.0,0.0
14,1.0,2,93,37,1,5.0,83.9803921569,4.53259949315,4.33854159935,3.61091791264,1,0.0,0.0
15,0.0,2,92,123,2,4.5,83.9803921569,4.52178857705,4.33854159935,4.81218435537,1,0.0,0.0
16,1.0,2,76,22,1,4.5,83.9803921569,4.33073334029,4.33854159935,3.09104245336,1,0.0,0.0
17,0.0,2,99,2,2,0.0,83.9803921569,4.59511985013,4.33854159935,0.69314718056,0,0.0,0.0
0,2.0,3,93,15,2,5.0,83.9803921569,4.53259949315,4.33854159935,2.7080502011,1,0.0,0.0
1,1.0,3,67,25,1,5.0,83.9803921569,4.20469261939,4.33854159935,3.21887582487,1,0.0,0.0
2,1.0,1,40,41,1,5.0,83.9803921569,3.68887945411,4.33854159935,3.7135720667,1,0.0,0.0
3,1.0,2,49,18,1,4.5,83.9803921569,3.89182029811,4.33854159935,2.8903717579,1,0.0,0.0
4,1.0,4,120,3,1,4.5,83.9803921569,4.78749174278,4.33854159935,1.09861228867,1,0.0,0.0
5,1.0,1,50,14,1,5.0,83.9803921569,3.91202300543,4.33854159935,2.63905732962,1,0.0,0.0
6,1.0,2,52,2,1,0.0,83.9803921569,3.95124371858,4.33854159935,0.69314718056,0,0.0,0.0
7,0.0,4,69,73,2,4.5,83.9803921569,4.2341065046,4.33854159935,4.29045944115,1,0.0,0.0
8,1.0,2,35,18,1,4.5,83.9803921569,3.55534806149,4.33854159935,2.8903717579,1,0.0,0.0
9,1.0,2,82,71,1,5.0,83.9803921569,4.40671924726,4.33854159935,4.26267987704,1,0.0,0.0
10,1.0,2,69,182,1,5.0,83.9803921569,4.2341065046,4.33854159935,5.20400668708,1,0.0,0.0
11,1.0,1,30,8,1,5.0,83.9803921569,3.40119738166,4.33854159935,2.07944154168,1,0.0,0.0
12,1.0,2,119,26,2,5.0,83.9803921569,4.77912349311,4.33854159935,3.25809653802,1,0.0,0.0
13,1.0,2,93,41,1,5.0,83.9803921569,4.53259949315,4.33854159935,3.7135720667,1,0.0,0.0
14,1.0,2,100,270,2,5.0,83.9803921569,4.60517018599,4.33854159935,5.598421959,1,0.0,0.0
15,0.0,2,58,15,2,5.0,83.9803921569,4.06044301055,4.33854159935,2.7080502011,1,0.0,0.0
16,1.0,2,96,11,1,5.0,83.9803921569,4.56434819147,4.33854159935,2.3978952728,1,0.0,0.0
17,1.0,2,70,12,1,5.0,83.9803921569,4.24849524205,4.33854159935,2.48490664979,1,0.0,0.0
0,1.0,2,35,18,0,5.0,83.9803921569,3.55534806149,4.33854159935,2.8903717579,1,0.0,0.0
1,2.0,4,85,1,2,0.0,83.9803921569,4.44265125649,4.33854159935,0.0,0,0.0,0.0
2,2.0,4,150,4,2,5.0,83.9803921569,5.0106352941,4.33854159935,1.38629436112,1,0.0,0.0
3,0.0,2,69,3,2,4.5,83.9803921569,4.2341065046,4.33854159935,1.09861228867,1,0.0,0.0
4,1.0,2,69,28,1,4.5,83.9803921569,4.2341065046,4.33854159935,3.33220451018,1,0.0,0.0
5,1.0,2,99,6,1,4.0,83.9803921569,4.59511985013,4.33854159935,1.79175946923,1,0.0,0.0
6,1.0,2,60,25,1,4.5,83.9803921569,4.09434456222,4.33854159935,3.21887582487,1,0.0,0.0
7,1.0,2,49,1,1,0.0,83.9803921569,3.89182029811,4.33854159935,0.0,0,0.0,0.0
8,2.0,6,113,5,2,4.5,83.9803921569,4.72738781871,4.33854159935,1.60943791243,1,0.0,0.0
9,1.0,2,96,10,2,5.0,83.9803921569,4.56434819147,4.33854159935,2.30258509299,1,0.0,0.0
10,1.0,2,80,33,1,5.0,83.9803921569,4.38202663467,4.33854159935,3.49650756147,1,0.0,0.0
11,0.0,2,89,30,2,4.5,83.9803921569,4.48863636973,4.33854159935,3.40119738166,1,0.0,0.0
12,0.0,2,106,9,2,5.0,83.9803921569,4.66343909411,4.33854159935,2.19722457734,1,0.0,0.0
13,1.0,2,49,4,1,5.0,83.9803921569,3.89182029811,4.33854159935,1.38629436112,1,0.0,0.0
14,1.0,1,50,60,1,5.0,83.9803921569,3.91202300543,4.33854159935,4.09434456222,1,0.0,0.0
15,0.0,2,140,35,2,5.0,83.9803921569,4.94164242261,4.33854159935,3.55534806149,1,0.0,0.0
16,1.0,2,47,77,1,4.5,83.9803921569,3.85014760171,4.33854159935,4.34380542185,1,0.0,0.0
17,1.0,2,75,50,1,5.0,83.9803921569,4.31748811354,4.33854159935,3.91202300543,1,0.0,0.0
0,2.0,4,129,0,2,0.0,83.9803921569,4.85981240436,4.33854159935,0.0,0,0.0,0.0
1,0.0,1,60,6,2,4.5,83.9803921569,4.09434456222,4.33854159935,1.79175946923,1,0.0,0.0
2,1.0,4,195,1,2,0.0,83.9803921569,5.27299955856,4.33854159935,0.0,0,0.0,0.0
3,0.0,4,95,159,2,5.0,83.9803921569,4.5538768916,4.33854159935,5.06890420222,1,0.0,0.0
4,1.0,1,30,3,0,5.0,83.9803921569,3.40119738166,4.33854159935,1.09861228867,1,0.0,0.0
5,2.0,4,88,2,2,0.0,83.9803921569,4.47733681448,4.33854159935,0.69314718056,0,0.0,0.0
6,1.0,2,65,2,2,0.0,83.9803921569,4.1743872699,4.33854159935,0.69314718056,0,0.0,0.0
7,1.0,2,49,47,1,4.5,83.9803921569,3.89182029811,4.33854159935,3.85014760171,1,0.0,0.0
8,1.0,2,140,19,2,5.0,83.9803921569,4.94164242261,4.33854159935,2.94443897917,1,0.0,0.0
9,2.0,4,180,7,2,5.0,83.9803921569,5.19295685089,4.33854159935,1.94591014906,1,0.0,0.0
10,1.0,2,46,5,1,5.0,83.9803921569,3.82864139649,4.33854159935,1.60943791243,1,0.0,0.0
11,1.0,2,39,7,1,4.5,83.9803921569,3.66356164613,4.33854159935,1.94591014906,1,0.0,0.0
12,1.0,2,70,3,1,5.0,83.9803921569,4.24849524205,4.33854159935,1.09861228867,1,0.0,0.0
13,1.0,2,73,39,1,4.5,83.9803921569,4.29045944115,4.33854159935,3.66356164613,1,0.0,0.0
14,1.0,2,65,11,1,5.0,83.9803921569,4.1743872699,4.33854159935,2.3978952728,1,0.0,0.0
15,1.0,4,50,1,2,0.0,83.9803921569,3.91202300543,4.33854159935,0.0,0,0.0,0.0
16,2.0,13,250,0,2,0.0,83.9803921569,5.52146091786,4.33854159935,0.0,0,0.0,0.0
17,1.0,1,25,15,0,4.0,83.9803921569,3.21887582487,4.33854159935,2.7080502011,1,0.0,0.0
0,1.0,1,69,57,1,5.0,83.9803921569,4.2341065046,4.33854159935,4.04305126783,1,0.0,0.0
1,1.0,3,71,9,1,5.0,83.9803921569,4.26267987704,4.33854159935,2.19722457734,1,0.0,0.0
2,1.0,2,39,22,1,5.0,83.9803921569,3.66356164613,4.33854159935,3.09104245336,1,0.0,0.0
3,1.0,2,70,81,1,5.0,83.9803921569,4.24849524205,4.33854159935,4.39444915467,1,0.0,0.0
4,1.0,2,70,15,1,5.0,83.9803921569,4.24849524205,4.33854159935,2.7080502011,1,0.0,0.0
5,1.0,1,30,9,1,5.0,83.9803921569,3.40119738166,4.33854159935,2.19722457734,1,0.0,0.0
6,0.0,2,61,36,2,4.5,83.9803921569,4.11087386417,4.33854159935,3.58351893846,1,0.0,0.0
7,1.0,2,35,10,0,5.0,83.9803921569,3.55534806149,4.33854159935,2.30258509299,1,0.0,0.0
8,1.0,3,90,0,1,0.0,83.9803921569,4.49980967033,4.33854159935,0.0,0,0.0,0.0
9,0.0,2,99,111,2,5.0,83.9803921569,4.59511985013,4.33854159935,4.70953020131,1,0.0,0.0
10,0.0,2,109,228,2,5.0,83.9803921569,4.69134788223,4.33854159935,5.42934562895,1,0.0,0.0
11,1.0,1,75,8,1,5.0,83.9803921569,4.31748811354,4.33854159935,2.07944154168,1,0.0,0.0
12,0.0,2,69,6,2,4.5,83.9803921569,4.2341065046,4.33854159935,1.79175946923,1,0.0,0.0
13,1.0,2,69,53,1,5.0,83.9803921569,4.2341065046,4.33854159935,3.97029191355,1,0.0,0.0
14,1.0,2,64,213,1,5.0,83.9803921569,4.15888308336,4.33854159935,5.36129216571,1,0.0,0.0
15,1.0,1,52,80,1,5.0,83.9803921569,3.95124371858,4.33854159935,4.38202663467,1,0.0,0.0
16,0.0,2,89,42,2,5.0,83.9803921569,4.48863636973,4.33854159935,3.73766961828,1,0.0,0.0
17,1.0,2,62,7,1,5.0,83.9803921569,4.12713438505,4.33854159935,1.94591014906,1,0.0,0.0
0,1.0,1,48,29,0,5.0,83.9803921569,3.87120101091,4.33854159935,3.36729582999,1,0.0,0.0
1,1.0,2,65,3,1,5.0,83.9803921569,4.1743872699,4.33854159935,1.09861228867,1,0.0,0.0
2,1.0,2,70,15,1,5.0,83.9803921569,4.24849524205,4.33854159935,2.7080502011,1,0.0,0.0
3,0.0,2,75,26,2,5.0,83.9803921569,4.31748811354,4.33854159935,3.25809653802,1,0.0,0.0
4,1.0,2,100,270,2,5.0,83.9803921569,4.60517018599,4.33854159935,5.598421959,1,0.0,0.0
5,0.0,2,120,3,2,4.5,83.9803921569,4.78749174278,4.33854159935,1.09861228867,1,0.0,0.0
6,1.0,2,120,3,2,5.0,83.9803921569,4.78749174278,4.33854159935,1.09861228867,1,0.0,0.0
7,0.0,2,91,66,2,5.0,83.9803921569,4.51085950652,4.33854159935,4.18965474203,1,0.0,0.0
8,1.0,2,88,19,1,5.0,83.9803921569,4.47733681448,4.33854159935,2.94443897917,1,0.0,0.0
9,1.0,1,44,15,1,5.0,83.9803921569,3.78418963392,4.33854159935,2.7080502011,1,0.0,0.0
10,1.0,2,70,12,1,5.0,83.9803921569,4.24849524205,4.33854159935,2.48490664979,1,0.0,0.0
11,1.0,1,42,19,1,5.0,83.9803921569,3.73766961828,4.33854159935,2.94443897917,1,0.0,0.0
12,1.0,2,90,8,2,5.0,83.9803921569,4.49980967033,4.33854159935,2.07944154168,1,0.0,0.0
13,1.0,2,70,54,1,5.0,83.9803921569,4.24849524205,4.33854159935,3.98898404656,1,0.0,0.0
14,1.0,2,70,9,2,5.0,83.9803921569,4.24849524205,4.33854159935,2.19722457734,1,0.0,0.0
15,1.0,2,75,7,1,4.0,83.9803921569,4.31748811354,4.33854159935,1.94591014906,1,0.0,0.0
16,1.0,1,33,21,0,4.5,83.9803921569,3.49650756147,4.33854159935,3.04452243772,1,0.0,0.0
17,0.0,4,109,12,2,5.0,83.9803921569,4.69134788223,4.33854159935,2.48490664979,1,0.0,0.0
0,0.0,4,75,63,2,5.0,83.9803921569,4.31748811354,4.33854159935,4.14313472639,1,0.0,0.0
1,0.0,3,70,45,2,4.5,83.9803921569,4.24849524205,4.33854159935,3.80666248977,1,0.0,0.0
2,1.0,2,93,7,1,5.0,83.9803921569,4.53259949315,4.33854159935,1.94591014906,1,0.0,0.0
3,0.0,2,61,3,2,4.5,83.9803921569,4.11087386417,4.33854159935,1.09861228867,1,0.0,0.0
4,1.0,1,35,7,0,5.0,83.9803921569,3.55534806149,4.33854159935,1.94591014906,1,0.0,0.0
5,1.0,2,110,7,2,4.5,83.9803921569,4.70048036579,4.33854159935,1.94591014906,1,0.0,0.0
6,1.0,2,87,95,2,5.0,83.9803921569,4.46590811865,4.33854159935,4.5538768916,1,0.0,0.0
7,1.0,1,25,0,1,0.0,83.9803921569,3.21887582487,4.33854159935,0.0,0,0.0,0.0
8,1.0,2,95,36,1,5.0,83.9803921569,4.5538768916,4.33854159935,3.58351893846,1,0.0,0.0
9,0.0,3,159,106,2,5.0,83.9803921569,5.06890420222,4.33854159935,4.66343909411,1,0.0,0.0
10,0.0,3,85,8,2,5.0,83.9803921569,4.44265125649,4.33854159935,2.07944154168,1,0.0,0.0
11,1.0,3,48,27,1,4.5,83.9803921569,3.87120101091,4.33854159935,3.295836866,1,0.0,0.0
12,1.0,2,59,6,1,5.0,83.9803921569,4.07753744391,4.33854159935,1.79175946923,1,0.0,0.0
13,0.0,3,95,2,2,0.0,83.9803921569,4.5538768916,4.33854159935,0.69314718056,0,0.0,0.0
14,1.0,1,30,8,1,5.0,83.9803921569,3.40119738166,4.33854159935,2.07944154168,1,0.0,0.0
15,1.0,2,129,5,2,5.0,83.9803921569,4.85981240436,4.33854159935,1.60943791243,1,0.0,0.0
16,1.0,2,89,2,1,0.0,83.9803921569,4.48863636973,4.33854159935,0.69314718056,0,0.0,0.0
17,1.0,2,120,3,2,5.0,83.9803921569,4.78749174278,4.33854159935,1.09861228867,1,0.0,0.0
0,1.0,2,89,2,1,0.0,83.9803921569,4.48863636973,4.33854159935,0.69314718056,0,0.0,0.0
1,1.0,2,120,3,2,5.0,83.9803921569,4.78749174278,4.33854159935,1.09861228867,1,0.0,0.0
2,1.0,1,55,18,1,5.0,83.9803921569,4.00733318523,4.33854159935,2.8903717579,1,0.0,0.0
3,1.0,2,129,4,1,5.0,83.9803921569,4.85981240436,4.33854159935,1.38629436112,1,0.0,0.0
4,1.0,2,130,12,2,4.5,83.9803921569,4.86753445046,4.33854159935,2.48490664979,1,0.0,0.0
5,1.0,2,129,23,2,5.0,83.9803921569,4.85981240436,4.33854159935,3.13549421593,1,0.0,0.0
6,0.0,2,107,10,2,5.0,83.9803921569,4.67282883446,4.33854159935,2.30258509299,1,0.0,0.0
7,1.0,2,49,8,1,4.5,83.9803921569,3.89182029811,4.33854159935,2.07944154168,1,0.0,0.0
8,1.0,2,59,13,1,5.0,83.9803921569,4.07753744391,4.33854159935,2.56494935746,1,0.0,0.0
9,0.0,4,99,2,2,0.0,83.9803921569,4.59511985013,4.33854159935,0.69314718056,0,0.0,0.0
10,1.0,2,45,1,1,0.0,83.9803921569,3.80666248977,4.33854159935,0.0,0,0.0,0.0
11,1.0,2,99,5,1,5.0,83.9803921569,4.59511985013,4.33854159935,1.60943791243,1,0.0,0.0
12,1.0,2,40,7,0,4.5,83.9803921569,3.68887945411,4.33854159935,1.94591014906,1,0.0,0.0
13,1.0,2,59,5,1,5.0,83.9803921569,4.07753744391,4.33854159935,1.60943791243,1,0.0,0.0
14,1.0,1,25,0,1,0.0,83.9803921569,3.21887582487,4.33854159935,0.0,0,0.0,0.0
15,1.0,2,65,2,2,0.0,83.9803921569,4.1743872699,4.33854159935,0.69314718056,0,0.0,0.0
16,1.0,1,48,29,0,5.0,83.9803921569,3.87120101091,4.33854159935,3.36729582999,1,0.0,0.0
17,1.0,1,34,5,0,5.0,83.9803921569,3.52636052462,4.33854159935,1.60943791243,1,0.0,0.0
0,0.0,2,69,4,2,5.0,83.9803921569,4.2341065046,4.33854159935,1.38629436112,1,0.0,0.0
1,1.0,2,85,15,1,5.0,83.9803921569,4.44265125649,4.33854159935,2.7080502011,1,0.0,0.0
2,1.0,4,90,82,2,5.0,83.9803921569,4.49980967033,4.33854159935,4.40671924726,1,0.0,0.0
3,1.0,2,65,0,1,0.0,83.9803921569,4.1743872699,4.33854159935,0.0,0,0.0,0.0
4,1.0,2,69,4,1,5.0,83.9803921569,4.2341065046,4.33854159935,1.38629436112,1,0.0,0.0
5,0.0,2,119,9,2,4.5,83.9803921569,4.77912349311,4.33854159935,2.19722457734,1,0.0,0.0
6,0.0,2,90,35,2,5.0,83.9803921569,4.49980967033,4.33854159935,3.55534806149,1,0.0,0.0
7,1.0,1,39,35,1,4.0,83.9803921569,3.66356164613,4.33854159935,3.55534806149,1,0.0,0.0
8,1.0,3,79,231,1,4.5,83.9803921569,4.36944785247,4.33854159935,5.44241771052,1,0.0,0.0
9,2.0,3,150,0,2,0.0,83.9803921569,5.0106352941,4.33854159935,0.0,0,0.0,0.0
10,1.0,1,52,25,1,5.0,83.9803921569,3.95124371858,4.33854159935,3.21887582487,1,0.0,0.0
11,1.0,2,130,86,2,5.0,83.9803921569,4.86753445046,4.33854159935,4.45434729625,1,0.0,0.0
12,1.0,5,120,9,2,5.0,83.9803921569,4.78749174278,4.33854159935,2.19722457734,1,0.0,0.0
13,1.0,2,124,104,2,5.0,83.9803921569,4.82028156561,4.33854159935,4.64439089914,1,0.0,0.0
14,1.0,2,119,6,2,4.0,83.9803921569,4.77912349311,4.33854159935,1.79175946923,1,0.0,0.0
15,1.0,1,47,9,1,5.0,83.9803921569,3.85014760171,4.33854159935,2.19722457734,1,0.0,0.0
16,1.0,2,70,15,1,5.0,83.9803921569,4.24849524205,4.33854159935,2.7080502011,1,0.0,0.0
17,1.0,2,59,43,1,5.0,83.9803921569,4.07753744391,4.33854159935,3.76120011569,1,0.0,0.0
0,0.0,3,149,9,2,5.0,83.9803921569,5.00394630595,4.33854159935,2.19722457734,1,0.0,0.0
1,0.0,2,89,15,2,4.5,83.9803921569,4.48863636973,4.33854159935,2.7080502011,1,0.0,0.0
2,1.0,2,69,1,1,0.0,83.9803921569,4.2341065046,4.33854159935,0.0,0,0.0,0.0
3,0.0,2,125,17,2,5.0,83.9803921569,4.8283137373,4.33854159935,2.83321334406,1,0.0,0.0
4,1.0,4,100,335,1,5.0,83.9803921569,4.60517018599,4.33854159935,5.81413053183,1,0.0,0.0
5,0.0,1,60,6,2,4.5,83.9803921569,4.09434456222,4.33854159935,1.79175946923,1,0.0,0.0
6,1.0,2,99,6,1,5.0,83.9803921569,4.59511985013,4.33854159935,1.79175946923,1,0.0,0.0
7,1.0,2,79,4,1,4.5,83.9803921569,4.36944785247,4.33854159935,1.38629436112,1,0.0,0.0
8,0.0,3,75,51,2,4.5,83.9803921569,4.31748811354,4.33854159935,3.93182563272,1,0.0,0.0
9,1.0,2,129,23,2,5.0,83.9803921569,4.85981240436,4.33854159935,3.13549421593,1,0.0,0.0
10,1.0,2,60,90,1,5.0,83.9803921569,4.09434456222,4.33854159935,4.49980967033,1,0.0,0.0
11,1.0,2,85,5,1,4.5,83.9803921569,4.44265125649,4.33854159935,1.60943791243,1,0.0,0.0
12,0.0,2,69,6,2,4.5,83.9803921569,4.2341065046,4.33854159935,1.79175946923,1,0.0,0.0
13,1.0,2,43,3,1,5.0,83.9803921569,3.76120011569,4.33854159935,1.09861228867,1,0.0,0.0
14,0.0,2,125,43,2,4.5,83.9803921569,4.8283137373,4.33854159935,3.76120011569,1,0.0,0.0
15,1.0,2,76,22,1,4.5,83.9803921569,4.33073334029,4.33854159935,3.09104245336,1,0.0,0.0
16,0.0,2,99,2,2,0.0,83.9803921569,4.59511985013,4.33854159935,0.69314718056,0,0.0,0.0
17,2.0,3,93,15,2,5.0,83.9803921569,4.53259949315,4.33854159935,2.7080502011,1,0.0,0.0
0,1.0,2,49,47,1,4.5,83.9803921569,3.89182029811,4.33854159935,3.85014760171,1,0.0,0.0
1,1.0,2,93,7,1,5.0,83.9803921569,4.53259949315,4.33854159935,1.94591014906,1,0.0,0.0
2,0.0,2,70,167,2,4.5,83.9803921569,4.24849524205,4.33854159935,5.11799381242,1,0.0,0.0
3,1.0,2,70,12,1,5.0,83.9803921569,4.24849524205,4.33854159935,2.48490664979,1,0.0,0.0
4,0.0,2,61,3,2,4.5,83.9803921569,4.11087386417,4.33854159935,1.09861228867,1,0.0,0.0
5,2.0,4,125,14,2,5.0,83.9803921569,4.8283137373,4.33854159935,2.63905732962,1,0.0,0.0
6,0.0,2,59,29,2,4.5,83.9803921569,4.07753744391,4.33854159935,3.36729582999,1,0.0,0.0
7,1.0,1,35,7,0,5.0,83.9803921569,3.55534806149,4.33854159935,1.94591014906,1,0.0,0.0
8,1.0,2,110,7,2,4.5,83.9803921569,4.70048036579,4.33854159935,1.94591014906,1,0.0,0.0
9,1.0,2,87,95,2,5.0,83.9803921569,4.46590811865,4.33854159935,4.5538768916,1,0.0,0.0
10,0.0,2,106,9,2,5.0,83.9803921569,4.66343909411,4.33854159935,2.19722457734,1,0.0,0.0
11,1.0,2,68,16,2,5.0,83.9803921569,4.21950770518,4.33854159935,2.77258872224,1,0.0,0.0
12,1.0,2,95,36,1,5.0,83.9803921569,4.5538768916,4.33854159935,3.58351893846,1,0.0,0.0
13,2.0,4,141,24,2,5.0,83.9803921569,4.94875989038,4.33854159935,3.17805383035,1,0.0,0.0
14,0.0,3,159,106,2,5.0,83.9803921569,5.06890420222,4.33854159935,4.66343909411,1,0.0,0.0
15,0.0,3,85,8,2,5.0,83.9803921569,4.44265125649,4.33854159935,2.07944154168,1,0.0,0.0
16,1.0,2,94,55,2,5.0,83.9803921569,4.54329478227,4.33854159935,4.00733318523,1,0.0,0.0
17,1.0,1,80,4,1,5.0,83.9803921569,4.38202663467,4.33854159935,1.38629436112,1,0.0,0.0
0,1.0,2,120,286,2,5.0,83.9803921569,4.78749174278,4.33854159935,5.65599181082,1,0.0,0.0
1,1.0,1,75,7,1,5.0,83.9803921569,4.31748811354,4.33854159935,1.94591014906,1,0.0,0.0
2,1.0,2,145,42,2,5.0,83.9803921569,4.97673374242,4.33854159935,3.73766961828,1,0.0,0.0
3,1.0,2,70,3,1,4.5,83.9803921569,4.24849524205,4.33854159935,1.09861228867,1,0.0,0.0
4,1.0,2,125,155,2,4.5,83.9803921569,4.8283137373,4.33854159935,5.04342511692,1,0.0,0.0
5,1.0,2,90,1,2,0.0,83.9803921569,4.49980967033,4.33854159935,0.0,0,0.0,0.0
6,1.0,2,50,55,1,5.0,83.9803921569,3.91202300543,4.33854159935,4.00733318523,1,0.0,0.0
7,0.0,2,140,35,2,5.0,83.9803921569,4.94164242261,4.33854159935,3.55534806149,1,0.0,0.0
8,1.0,2,55,81,1,5.0,83.9803921569,4.00733318523,4.33854159935,4.39444915467,1,0.0,0.0
9,1.0,2,93,37,1,5.0,83.9803921569,4.53259949315,4.33854159935,3.61091791264,1,0.0,0.0
10,0.0,2,92,123,2,4.5,83.9803921569,4.52178857705,4.33854159935,4.81218435537,1,0.0,0.0
11,1.0,2,79,10,1,5.0,83.9803921569,4.36944785247,4.33854159935,2.30258509299,1,0.0,0.0
12,0.0,4,109,12,2,5.0,83.9803921569,4.69134788223,4.33854159935,2.48490664979,1,0.0,0.0
13,1.0,2,75,13,1,5.0,83.9803921569,4.31748811354,4.33854159935,2.56494935746,1,0.0,0.0
14,1.0,2,55,4,1,5.0,83.9803921569,4.00733318523,4.33854159935,1.38629436112,1,0.0,0.0
15,1.0,2,60,91,1,5.0,83.9803921569,4.09434456222,4.33854159935,4.51085950652,1,0.0,0.0
16,0.0,2,95,2,2,0.0,83.9803921569,4.5538768916,4.33854159935,0.69314718056,0,0.0,0.0
17,1.0,2,148,61,2,5.0,83.9803921569,4.99721227376,4.33854159935,4.11087386417,1,0.0,0.0
0,1.0,2,100,270,2,5.0,83.9803921569,4.60517018599,4.33854159935,5.598421959,1,0.0,0.0
1,1.0,2,99,19,2,5.0,83.9803921569,4.59511985013,4.33854159935,2.94443897917,1,0.0,0.0
2,1.0,1,35,13,1,4.5,83.9803921569,3.55534806149,4.33854159935,2.56494935746,1,0.0,0.0
3,2.0,4,105,0,2,0.0,83.9803921569,4.65396035016,4.33854159935,0.0,0,0.0,0.0
4,1.0,2,92,223,1,5.0,83.9803921569,4.52178857705,4.33854159935,5.40717177146,1,0.0,0.0
5,1.0,2,76,85,1,5.0,83.9803921569,4.33073334029,4.33854159935,4.44265125649,1,0.0,0.0
6,1.0,2,65,18,1,5.0,83.9803921569,4.1743872699,4.33854159935,2.8903717579,1,0.0,0.0
7,2.0,4,229,18,2,5.0,83.9803921569,5.43372200355,4.33854159935,2.8903717579,1,0.0,0.0
8,1.0,2,150,1,2,0.0,83.9803921569,5.0106352941,4.33854159935,0.0,0,0.0,0.0
9,0.0,3,95,2,2,0.0,83.9803921569,4.5538768916,4.33854159935,0.69314718056,0,0.0,0.0
10,1.0,2,70,12,1,5.0,83.9803921569,4.24849524205,4.33854159935,2.48490664979,1,0.0,0.0
11,1.0,4,76,7,2,5.0,83.9803921569,4.33073334029,4.33854159935,1.94591014906,1,0.0,0.0
12,1.0,1,45,29,1,4.5,83.9803921569,3.80666248977,4.33854159935,3.36729582999,1,0.0,0.0
13,1.0,2,65,7,1,5.0,83.9803921569,4.1743872699,4.33854159935,1.94591014906,1,0.0,0.0
14,1.0,2,100,28,1,4.5,83.9803921569,4.60517018599,4.33854159935,3.33220451018,1,0.0,0.0
15,1.0,2,50,12,1,4.5,83.9803921569,3.91202300543,4.33854159935,2.48490664979,1,0.0,0.0
16,1.0,2,99,5,1,5.0,83.9803921569,4.59511985013,4.33854159935,1.60943791243,1,0.0,0.0
17,1.0,2,70,3,1,4.5,83.9803921569,4.24849524205,4.33854159935,1.09861228867,1,0.0,0.0
0,1.0,2,59,46,1,4.5,83.9803921569,4.07753744391,4.33854159935,3.82864139649,1,0.0,0.0
1,1.0,2,89,14,1,5.0,83.9803921569,4.48863636973,4.33854159935,2.63905732962,1,0.0,0.0
2,1.0,2,125,27,2,4.5,83.9803921569,4.8283137373,4.33854159935,3.295836866,1,0.0,0.0
3,2.0,4,195,1,2,0.0,83.9803921569,5.27299955856,4.33854159935,0.0,0,0.0,0.0
4,1.0,2,62,40,1,4.5,83.9803921569,4.12713438505,4.33854159935,3.68887945411,1,0.0,0.0
5,1.0,2,85,161,1,5.0,83.9803921569,4.44265125649,4.33854159935,5.08140436498,1,0.0,0.0
6,0.0,1,50,1,2,0.0,83.9803921569,3.91202300543,4.33854159935,0.0,0,0.0,0.0
7,1.0,2,69,32,1,5.0,83.9803921569,4.2341065046,4.33854159935,3.4657359028,1,0.0,0.0
8,1.0,1,70,3,1,3.5,83.9803921569,4.24849524205,4.33854159935,1.09861228867,1,0.0,0.0
9,1.0,3,125,23,1,5.0,83.9803921569,4.8283137373,4.33854159935,3.13549421593,1,0.0,0.0
10,1.0,3,95,27,2,5.0,83.9803921569,4.5538768916,4.33854159935,3.295836866,1,0.0,0.0
11,1.0,2,120,191,2,5.0,83.9803921569,4.78749174278,4.33854159935,5.25227342805,1,0.0,0.0
12,0.0,2,125,3,2,4.5,83.9803921569,4.8283137373,4.33854159935,1.09861228867,1,0.0,0.0
13,1.0,2,85,114,1,4.5,83.9803921569,4.44265125649,4.33854159935,4.73619844839,1,0.0,0.0
14,1.0,1,60,15,1,5.0,83.9803921569,4.09434456222,4.33854159935,2.7080502011,1,0.0,0.0
15,1.0,2,98,84,2,5.0,83.9803921569,4.58496747867,4.33854159935,4.43081679884,1,0.0,0.0
16,1.0,2,90,137,2,5.0,83.9803921569,4.49980967033,4.33854159935,4.91998092583,1,0.0,0.0
17,0.0,2,120,3,2,4.5,83.9803921569,4.78749174278,4.33854159935,1.09861228867,1,0.0,0.0
0,1.0,2,108,186,1,5.0,123.065359477,4.68213122712,4.70585741648,5.22574667371,1,0.0,1.0
1,1.0,1,140,7,1,5.0,123.065359477,4.94164242261,4.70585741648,1.94591014906,1,0.0,1.0
2,1.0,1,68,106,1,5.0,123.065359477,4.21950770518,4.70585741648,4.66343909411,1,0.0,1.0
3,1.0,3,110,23,1,4.5,123.065359477,4.70048036579,4.70585741648,3.13549421593,1,0.0,1.0
4,1.0,3,130,25,2,5.0,123.065359477,4.86753445046,4.70585741648,3.21887582487,1,0.0,1.0
5,1.0,1,39,4,0,5.0,123.065359477,3.66356164613,4.70585741648,1.38629436112,1,0.0,1.0
6,1.0,2,90,3,1,5.0,123.065359477,4.49980967033,4.70585741648,1.09861228867,1,0.0,1.0
7,1.0,1,52,19,1,5.0,123.065359477,3.95124371858,4.70585741648,2.94443897917,1,0.0,1.0
8,1.0,2,103,138,1,5.0,123.065359477,4.63472898823,4.70585741648,4.92725368516,1,0.0,1.0
9,1.0,2,95,20,1,5.0,123.065359477,4.5538768916,4.70585741648,2.99573227355,1,0.0,1.0
10,0.0,2,125,22,2,5.0,123.065359477,4.8283137373,4.70585741648,3.09104245336,1,0.0,1.0
11,1.0,2,95,31,1,5.0,123.065359477,4.5538768916,4.70585741648,3.43398720449,1,0.0,1.0
12,1.0,2,174,71,2,5.0,123.065359477,5.15905529921,4.70585741648,4.26267987704,1,0.0,1.0
13,1.0,2,97,99,1,5.0,123.065359477,4.5747109785,4.70585741648,4.59511985013,1,0.0,1.0
14,1.0,1,75,1,1,0.0,123.065359477,4.31748811354,4.70585741648,0.0,0,0.0,1.0
15,1.0,1,90,4,1,5.0,123.065359477,4.49980967033,4.70585741648,1.38629436112,1,0.0,1.0
16,1.0,2,55,15,1,5.0,123.065359477,4.00733318523,4.70585741648,2.7080502011,1,0.0,1.0
17,0.0,2,125,14,2,5.0,123.065359477,4.8283137373,4.70585741648,2.63905732962,1,0.0,1.0
0,1.0,2,180,19,2,5.0,123.065359477,5.19295685089,4.70585741648,2.94443897917,1,0.0,1.0
1,1.0,2,107,5,2,5.0,123.065359477,4.67282883446,4.70585741648,1.60943791243,1,0.0,1.0
2,0.0,2,121,6,2,5.0,123.065359477,4.7957905456,4.70585741648,1.79175946923,1,0.0,1.0
3,1.0,2,200,9,2,5.0,123.065359477,5.29831736655,4.70585741648,2.19722457734,1,0.0,1.0
4,2.0,4,135,1,2,0.0,123.065359477,4.90527477844,4.70585741648,0.0,0,0.0,1.0
5,1.0,1,140,7,1,5.0,123.065359477,4.94164242261,4.70585741648,1.94591014906,1,0.0,1.0
6,0.0,2,150,9,2,5.0,123.065359477,5.0106352941,4.70585741648,2.19722457734,1,0.0,1.0
7,1.0,11,250,281,2,4.5,123.065359477,5.52146091786,4.70585741648,5.63835466933,1,0.0,1.0
8,1.0,2,108,186,1,5.0,123.065359477,4.68213122712,4.70585741648,5.22574667371,1,0.0,1.0
9,1.0,2,140,100,1,5.0,123.065359477,4.94164242261,4.70585741648,4.60517018599,1,0.0,1.0
10,0.0,2,130,13,2,5.0,123.065359477,4.86753445046,4.70585741648,2.56494935746,1,0.0,1.0
11,3.0,5,175,4,2,4.5,123.065359477,5.16478597392,4.70585741648,1.38629436112,1,0.0,1.0
12,1.0,2,75,1,1,0.0,123.065359477,4.31748811354,4.70585741648,0.0,0,0.0,1.0
13,1.0,2,100,4,1,5.0,123.065359477,4.60517018599,4.70585741648,1.38629436112,1,0.0,1.0
14,0.0,3,180,16,2,5.0,123.065359477,5.19295685089,4.70585741648,2.77258872224,1,0.0,1.0
15,1.0,2,103,138,1,5.0,123.065359477,4.63472898823,4.70585741648,4.92725368516,1,0.0,1.0
16,1.0,2,125,22,1,5.0,123.065359477,4.8283137373,4.70585741648,3.09104245336,1,0.0,1.0
17,2.0,5,230,4,2,5.0,123.065359477,5.43807930892,4.70585741648,1.38629436112,1,0.0,1.0
0,1.0,2,90,4,1,5.0,123.065359477,4.49980967033,4.70585741648,1.38629436112,1,0.0,1.0
1,0.0,4,160,24,2,4.5,123.065359477,5.07517381523,4.70585741648,3.17805383035,1,0.0,1.0
2,1.0,2,110,11,1,5.0,123.065359477,4.70048036579,4.70585741648,2.3978952728,1,0.0,1.0
3,1.0,2,73,43,1,4.5,123.065359477,4.29045944115,4.70585741648,3.76120011569,1,0.0,1.0
4,1.0,3,130,21,2,5.0,123.065359477,4.86753445046,4.70585741648,3.04452243772,1,0.0,1.0
5,1.0,2,80,2,2,0.0,123.065359477,4.38202663467,4.70585741648,0.69314718056,0,0.0,1.0
6,1.0,2,75,27,1,5.0,123.065359477,4.31748811354,4.70585741648,3.295836866,1,0.0,1.0
7,1.0,2,120,12,1,4.5,123.065359477,4.78749174278,4.70585741648,2.48490664979,1,0.0,1.0
8,1.0,2,85,17,2,5.0,123.065359477,4.44265125649,4.70585741648,2.83321334406,1,0.0,1.0
9,1.0,1,55,24,0,4.5,123.065359477,4.00733318523,4.70585741648,3.17805383035,1,0.0,1.0
10,0.0,2,130,5,2,5.0,123.065359477,4.86753445046,4.70585741648,1.60943791243,1,0.0,1.0
11,1.0,2,130,6,1,5.0,123.065359477,4.86753445046,4.70585741648,1.79175946923,1,0.0,1.0
12,2.0,4,135,1,2,0.0,123.065359477,4.90527477844,4.70585741648,0.0,0,0.0,1.0
13,1.0,1,125,9,2,5.0,123.065359477,4.8283137373,4.70585741648,2.19722457734,1,0.0,1.0
14,1.0,4,150,3,2,5.0,123.065359477,5.0106352941,4.70585741648,1.09861228867,1,0.0,1.0
15,0.0,2,120,14,2,5.0,123.065359477,4.78749174278,4.70585741648,2.63905732962,1,0.0,1.0
16,1.0,1,65,161,1,5.0,123.065359477,4.1743872699,4.70585741648,5.08140436498,1,0.0,1.0
17,1.0,2,57,16,1,5.0,123.065359477,4.04305126783,4.70585741648,2.77258872224,1,0.0,1.0
0,1.0,2,75,122,1,5.0,123.065359477,4.31748811354,4.70585741648,4.80402104473,1,0.0,1.0
1,1.0,2,200,96,2,5.0,123.065359477,5.29831736655,4.70585741648,4.56434819147,1,0.0,1.0
2,0.0,3,180,16,2,5.0,123.065359477,5.19295685089,4.70585741648,2.77258872224,1,0.0,1.0
3,2.0,4,120,113,2,5.0,123.065359477,4.78749174278,4.70585741648,4.72738781871,1,0.0,1.0
4,1.0,1,48,3,1,5.0,123.065359477,3.87120101091,4.70585741648,1.09861228867,1,0.0,1.0
5,1.0,1,79,9,1,5.0,123.065359477,4.36944785247,4.70585741648,2.19722457734,1,0.0,1.0
6,1.0,4,235,6,1,5.0,123.065359477,5.45958551414,4.70585741648,1.79175946923,1,0.0,1.0
7,1.0,1,89,78,1,5.0,123.065359477,4.48863636973,4.70585741648,4.35670882669,1,0.0,1.0
8,1.0,4,69,53,1,4.5,123.065359477,4.2341065046,4.70585741648,3.97029191355,1,0.0,1.0
9,3.0,6,200,33,2,4.5,123.065359477,5.29831736655,4.70585741648,3.49650756147,1,0.0,1.0
10,3.0,5,175,4,2,4.5,123.065359477,5.16478597392,4.70585741648,1.38629436112,1,0.0,1.0
11,0.0,2,99,10,2,5.0,123.065359477,4.59511985013,4.70585741648,2.30258509299,1,0.0,1.0
12,1.0,2,85,58,1,5.0,123.065359477,4.44265125649,4.70585741648,4.06044301055,1,0.0,1.0
13,1.0,2,76,1,1,0.0,123.065359477,4.33073334029,4.70585741648,0.0,0,0.0,1.0
14,1.0,1,40,32,0,5.0,123.065359477,3.68887945411,4.70585741648,3.4657359028,1,0.0,1.0
15,1.0,2,75,19,1,4.5,123.065359477,4.31748811354,4.70585741648,2.94443897917,1,0.0,1.0
16,2.0,4,199,9,2,5.0,123.065359477,5.29330482472,4.70585741648,2.19722457734,1,0.0,1.0
17,2.0,4,189,2,2,0.0,123.065359477,5.24174701506,4.70585741648,0.69314718056,0,0.0,1.0
0,1.0,2,75,27,1,5.0,123.065359477,4.31748811354,4.70585741648,3.295836866,1,0.0,1.0
1,0.0,2,99,10,2,5.0,123.065359477,4.59511985013,4.70585741648,2.30258509299,1,0.0,1.0
2,1.0,2,139,22,1,5.0,123.065359477,4.93447393313,4.70585741648,3.09104245336,1,0.0,1.0
3,1.0,2,150,4,1,5.0,123.065359477,5.0106352941,4.70585741648,1.38629436112,1,0.0,1.0
4,1.0,2,110,11,1,5.0,123.065359477,4.70048036579,4.70585741648,2.3978952728,1,0.0,1.0
5,1.0,2,125,252,1,5.0,123.065359477,4.8283137373,4.70585741648,5.52942908751,1,0.0,1.0
6,1.0,1,54,0,1,0.0,123.065359477,3.98898404656,4.70585741648,0.0,0,0.0,1.0
7,1.0,1,79,99,1,5.0,123.065359477,4.36944785247,4.70585741648,4.59511985013,1,0.0,1.0
8,1.0,2,90,11,1,5.0,123.065359477,4.49980967033,4.70585741648,2.3978952728,1,0.0,1.0
9,0.0,2,120,5,2,4.5,123.065359477,4.78749174278,4.70585741648,1.60943791243,1,0.0,1.0
10,2.0,4,175,16,2,5.0,123.065359477,5.16478597392,4.70585741648,2.77258872224,1,0.0,1.0
11,1.0,2,125,8,1,5.0,123.065359477,4.8283137373,4.70585741648,2.07944154168,1,0.0,1.0
12,0.0,2,140,6,2,5.0,123.065359477,4.94164242261,4.70585741648,1.79175946923,1,0.0,1.0
13,0.0,2,125,14,2,5.0,123.065359477,4.8283137373,4.70585741648,2.63905732962,1,0.0,1.0
14,3.0,6,350,8,2,5.0,123.065359477,5.85793315448,4.70585741648,2.07944154168,1,0.0,1.0
15,1.0,2,99,260,2,5.0,123.065359477,4.59511985013,4.70585741648,5.56068163102,1,0.0,1.0
16,1.0,1,39,5,0,5.0,123.065359477,3.66356164613,4.70585741648,1.60943791243,1,0.0,1.0
17,1.0,1,80,11,1,5.0,123.065359477,4.38202663467,4.70585741648,2.3978952728,1,0.0,1.0
0,0.0,2,125,9,2,5.0,123.065359477,4.8283137373,4.70585741648,2.19722457734,1,0.0,1.0
1,1.0,2,90,4,1,5.0,123.065359477,4.49980967033,4.70585741648,1.38629436112,1,0.0,1.0
2,1.0,2,80,1,1,0.0,123.065359477,4.38202663467,4.70585741648,0.0,0,0.0,1.0
3,0.0,4,160,24,2,4.5,123.065359477,5.07517381523,4.70585741648,3.17805383035,1,0.0,1.0
4,1.0,2,120,19,1,5.0,123.065359477,4.78749174278,4.70585741648,2.94443897917,1,0.0,1.0
5,1.0,3,130,21,2,5.0,123.065359477,4.86753445046,4.70585741648,3.04452243772,1,0.0,1.0
6,1.0,1,40,41,0,4.5,123.065359477,3.68887945411,4.70585741648,3.7135720667,1,0.0,1.0
7,2.0,4,200,1,2,0.0,123.065359477,5.29831736655,4.70585741648,0.0,0,0.0,1.0
8,1.0,2,145,2,1,0.0,123.065359477,4.97673374242,4.70585741648,0.69314718056,0,0.0,1.0
9,1.0,2,65,2,1,0.0,123.065359477,4.1743872699,4.70585741648,0.69314718056,0,0.0,1.0
10,1.0,2,89,258,1,5.0,123.065359477,4.48863636973,4.70585741648,5.55295958492,1,0.0,1.0
11,1.0,2,89,4,1,4.5,123.065359477,4.48863636973,4.70585741648,1.38629436112,1,0.0,1.0
12,1.0,2,125,252,1,5.0,123.065359477,4.8283137373,4.70585741648,5.52942908751,1,0.0,1.0
13,1.0,2,115,33,1,5.0,123.065359477,4.74493212836,4.70585741648,3.49650756147,1,0.0,1.0
14,1.0,2,185,36,1,5.0,123.065359477,5.22035582508,4.70585741648,3.58351893846,1,0.0,1.0
15,1.0,2,159,2,1,0.0,123.065359477,5.06890420222,4.70585741648,0.69314718056,0,0.0,1.0
16,1.0,2,175,30,2,5.0,123.065359477,5.16478597392,4.70585741648,3.40119738166,1,0.0,1.0
17,2.0,4,350,17,2,5.0,123.065359477,5.85793315448,4.70585741648,2.83321334406,1,0.0,1.0
0,1.0,2,125,252,1,5.0,123.065359477,4.8283137373,4.70585741648,5.52942908751,1,0.0,1.0
1,1.0,2,115,33,1,5.0,123.065359477,4.74493212836,4.70585741648,3.49650756147,1,0.0,1.0
2,1.0,2,185,36,1,5.0,123.065359477,5.22035582508,4.70585741648,3.58351893846,1,0.0,1.0
3,2.0,4,199,9,2,5.0,123.065359477,5.29330482472,4.70585741648,2.19722457734,1,0.0,1.0
4,1.0,2,159,2,1,0.0,123.065359477,5.06890420222,4.70585741648,0.69314718056,0,0.0,1.0
5,2.0,4,189,2,2,0.0,123.065359477,5.24174701506,4.70585741648,0.69314718056,0,0.0,1.0
6,1.0,2,175,30,2,5.0,123.065359477,5.16478597392,4.70585741648,3.40119738166,1,0.0,1.0
7,0.0,2,160,132,2,5.0,123.065359477,5.07517381523,4.70585741648,4.88280192259,1,0.0,1.0
8,1.0,3,79,3,1,5.0,123.065359477,4.36944785247,4.70585741648,1.09861228867,1,0.0,1.0
9,2.0,4,350,17,2,5.0,123.065359477,5.85793315448,4.70585741648,2.83321334406,1,0.0,1.0
10,1.0,2,185,45,2,5.0,123.065359477,5.22035582508,4.70585741648,3.80666248977,1,0.0,1.0
11,1.0,2,140,100,1,5.0,123.065359477,4.94164242261,4.70585741648,4.60517018599,1,0.0,1.0
12,1.0,2,89,9,1,4.0,123.065359477,4.48863636973,4.70585741648,2.19722457734,1,0.0,1.0
13,1.0,2,90,7,1,5.0,123.065359477,4.49980967033,4.70585741648,1.94591014906,1,0.0,1.0
14,0.0,1,83,1,2,0.0,123.065359477,4.4188406078,4.70585741648,0.0,0,0.0,1.0
15,1.0,2,129,127,1,5.0,123.065359477,4.85981240436,4.70585741648,4.84418708646,1,0.0,1.0
16,1.0,2,94,6,1,5.0,123.065359477,4.54329478227,4.70585741648,1.79175946923,1,0.0,1.0
17,1.0,2,135,17,1,5.0,123.065359477,4.90527477844,4.70585741648,2.83321334406,1,0.0,1.0
0,1.0,2,69,38,1,5.0,123.065359477,4.2341065046,4.70585741648,3.63758615973,1,0.0,1.0
1,1.0,1,42,7,0,4.0,123.065359477,3.73766961828,4.70585741648,1.94591014906,1,0.0,1.0
2,1.0,2,100,3,1,5.0,123.065359477,4.60517018599,4.70585741648,1.09861228867,1,0.0,1.0
3,1.0,2,100,10,1,4.5,123.065359477,4.60517018599,4.70585741648,2.30258509299,1,0.0,1.0
4,1.0,1,65,177,1,4.5,123.065359477,4.1743872699,4.70585741648,5.17614973257,1,0.0,1.0
5,1.0,2,68,5,0,4.5,123.065359477,4.21950770518,4.70585741648,1.60943791243,1,0.0,1.0
6,1.0,1,55,18,0,4.5,123.065359477,4.00733318523,4.70585741648,2.8903717579,1,0.0,1.0
7,3.0,6,350,8,2,5.0,123.065359477,5.85793315448,4.70585741648,2.07944154168,1,0.0,1.0
8,1.0,1,120,7,1,4.5,123.065359477,4.78749174278,4.70585741648,1.94591014906,1,0.0,1.0
9,1.0,4,150,3,2,5.0,123.065359477,5.0106352941,4.70585741648,1.09861228867,1,0.0,1.0
10,1.0,1,99,88,1,4.5,123.065359477,4.59511985013,4.70585741648,4.47733681448,1,0.0,1.0
11,1.0,1,40,44,0,4.5,123.065359477,3.68887945411,4.70585741648,3.78418963392,1,0.0,1.0
12,0.0,2,165,113,2,5.0,123.065359477,5.1059454739,4.70585741648,4.72738781871,1,0.0,1.0
13,1.0,1,65,161,1,5.0,123.065359477,4.1743872699,4.70585741648,5.08140436498,1,0.0,1.0
14,1.0,1,53,175,1,4.5,123.065359477,3.97029191355,4.70585741648,5.16478597392,1,0.0,1.0
15,1.0,2,95,4,1,5.0,123.065359477,4.5538768916,4.70585741648,1.38629436112,1,0.0,1.0
16,1.0,1,85,10,1,4.5,123.065359477,4.44265125649,4.70585741648,2.30258509299,1,0.0,1.0
17,1.0,2,75,122,1,5.0,123.065359477,4.31748811354,4.70585741648,4.80402104473,1,0.0,1.0
0,0.0,1,83,1,2,0.0,123.065359477,4.4188406078,4.70585741648,0.0,0,0.0,1.0
1,1.0,2,130,192,2,5.0,123.065359477,4.86753445046,4.70585741648,5.25749537203,1,0.0,1.0
2,1.0,2,129,127,1,5.0,123.065359477,4.85981240436,4.70585741648,4.84418708646,1,0.0,1.0
3,1.0,2,94,6,1,5.0,123.065359477,4.54329478227,4.70585741648,1.79175946923,1,0.0,1.0
4,1.0,2,135,17,1,5.0,123.065359477,4.90527477844,4.70585741648,2.83321334406,1,0.0,1.0
5,1.0,2,83,81,1,5.0,123.065359477,4.4188406078,4.70585741648,4.39444915467,1,0.0,1.0
6,1.0,2,150,4,1,5.0,123.065359477,5.0106352941,4.70585741648,1.38629436112,1,0.0,1.0
7,1.0,2,100,19,2,4.5,123.065359477,4.60517018599,4.70585741648,2.94443897917,1,0.0,1.0
8,1.0,2,57,10,1,4.0,123.065359477,4.04305126783,4.70585741648,2.30258509299,1,0.0,1.0
9,1.0,3,200,13,2,4.5,123.065359477,5.29831736655,4.70585741648,2.56494935746,1,0.0,1.0
10,1.0,2,88,7,2,4.5,123.065359477,4.47733681448,4.70585741648,1.94591014906,1,0.0,1.0
11,1.0,1,94,127,1,5.0,123.065359477,4.54329478227,4.70585741648,4.84418708646,1,0.0,1.0
12,0.0,2,207,45,2,5.0,123.065359477,5.33271879327,4.70585741648,3.80666248977,1,0.0,1.0
13,1.0,4,210,29,2,5.0,123.065359477,5.34710753072,4.70585741648,3.36729582999,1,0.0,1.0
14,1.0,4,175,0,2,0.0,123.065359477,5.16478597392,4.70585741648,0.0,0,0.0,1.0
15,1.0,2,69,38,1,5.0,123.065359477,4.2341065046,4.70585741648,3.63758615973,1,0.0,1.0
16,1.0,1,42,7,0,4.0,123.065359477,3.73766961828,4.70585741648,1.94591014906,1,0.0,1.0
17,1.0,2,100,3,1,5.0,123.065359477,4.60517018599,4.70585741648,1.09861228867,1,0.0,1.0
0,2.0,5,300,5,2,5.0,123.065359477,5.70378247466,4.70585741648,1.60943791243,1,0.0,1.0
1,1.0,4,125,49,1,5.0,123.065359477,4.8283137373,4.70585741648,3.89182029811,1,0.0,1.0
2,1.0,1,79,9,1,5.0,123.065359477,4.36944785247,4.70585741648,2.19722457734,1,0.0,1.0
3,1.0,2,58,0,1,0.0,123.065359477,4.06044301055,4.70585741648,0.0,0,0.0,1.0
4,1.0,2,100,3,1,5.0,123.065359477,4.60517018599,4.70585741648,1.09861228867,1,0.0,1.0
5,1.0,2,68,5,0,4.5,123.065359477,4.21950770518,4.70585741648,1.60943791243,1,0.0,1.0
6,1.0,2,99,56,1,5.0,123.065359477,4.59511985013,4.70585741648,4.02535169074,1,0.0,1.0
7,1.0,2,89,3,1,4.5,123.065359477,4.48863636973,4.70585741648,1.09861228867,1,0.0,1.0
8,2.0,5,375,11,2,5.0,123.065359477,5.92692602597,4.70585741648,2.3978952728,1,0.0,1.0
9,1.0,2,155,88,1,5.0,123.065359477,5.04342511692,4.70585741648,4.47733681448,1,0.0,1.0
10,0.0,2,140,15,2,5.0,123.065359477,4.94164242261,4.70585741648,2.7080502011,1,0.0,1.0
11,1.0,2,115,118,1,5.0,123.065359477,4.74493212836,4.70585741648,4.77068462447,1,0.0,1.0
12,1.0,1,91,28,1,5.0,123.065359477,4.51085950652,4.70585741648,3.33220451018,1,0.0,1.0
13,1.0,2,130,6,1,5.0,123.065359477,4.86753445046,4.70585741648,1.79175946923,1,0.0,1.0
14,1.0,2,99,8,1,5.0,123.065359477,4.59511985013,4.70585741648,2.07944154168,1,0.0,1.0
15,1.0,2,89,42,1,4.5,123.065359477,4.48863636973,4.70585741648,3.73766961828,1,0.0,1.0
16,1.0,1,80,125,1,5.0,123.065359477,4.38202663467,4.70585741648,4.8283137373,1,0.0,1.0
17,1.0,2,100,18,1,5.0,123.065359477,4.60517018599,4.70585741648,2.8903717579,1,0.0,1.0
0,1.0,1,40,44,0,4.5,123.065359477,3.68887945411,4.70585741648,3.78418963392,1,0.0,1.0
1,0.0,2,165,113,2,5.0,123.065359477,5.1059454739,4.70585741648,4.72738781871,1,0.0,1.0
2,1.0,1,98,13,1,4.5,123.065359477,4.58496747867,4.70585741648,2.56494935746,1,0.0,1.0
3,1.0,1,55,56,0,4.5,123.065359477,4.00733318523,4.70585741648,4.02535169074,1,0.0,1.0
4,1.0,2,78,126,1,5.0,123.065359477,4.35670882669,4.70585741648,4.83628190695,1,0.0,1.0
5,1.0,2,80,64,1,4.5,123.065359477,4.38202663467,4.70585741648,4.15888308336,1,0.0,1.0
6,1.0,1,53,175,1,4.5,123.065359477,3.97029191355,4.70585741648,5.16478597392,1,0.0,1.0
7,1.0,2,95,4,1,5.0,123.065359477,4.5538768916,4.70585741648,1.38629436112,1,0.0,1.0
8,1.0,2,85,64,1,5.0,123.065359477,4.44265125649,4.70585741648,4.15888308336,1,0.0,1.0
9,1.0,1,39,1,0,0.0,123.065359477,3.66356164613,4.70585741648,0.0,0,0.0,1.0
10,1.0,2,195,14,2,5.0,123.065359477,5.27299955856,4.70585741648,2.63905732962,1,0.0,1.0
11,1.0,1,85,10,1,4.5,123.065359477,4.44265125649,4.70585741648,2.30258509299,1,0.0,1.0
12,1.0,2,98,9,2,5.0,123.065359477,4.58496747867,4.70585741648,2.19722457734,1,0.0,1.0
13,0.0,4,275,12,2,5.0,123.065359477,5.61677109767,4.70585741648,2.48490664979,1,0.0,1.0
14,1.0,2,70,2,0,0.0,123.065359477,4.24849524205,4.70585741648,0.69314718056,0,0.0,1.0
15,1.0,2,199,8,2,5.0,123.065359477,5.29330482472,4.70585741648,2.07944154168,1,0.0,1.0
16,1.0,2,75,1,1,0.0,123.065359477,4.31748811354,4.70585741648,0.0,0,0.0,1.0
17,1.0,1,90,36,0,4.5,123.065359477,4.49980967033,4.70585741648,3.58351893846,1,0.0,1.0
0,1.0,1,40,32,0,5.0,123.065359477,3.68887945411,4.70585741648,3.4657359028,1,0.0,1.0
1,1.0,2,139,75,2,4.5,123.065359477,4.93447393313,4.70585741648,4.31748811354,1,0.0,1.0
2,2.0,2,105,2,2,0.0,123.065359477,4.65396035016,4.70585741648,0.69314718056,0,0.0,1.0
3,1.0,2,79,109,1,4.0,123.065359477,4.36944785247,4.70585741648,4.69134788223,1,0.0,1.0
4,1.0,2,135,77,1,5.0,123.065359477,4.90527477844,4.70585741648,4.34380542185,1,0.0,1.0
5,2.0,5,300,5,2,5.0,123.065359477,5.70378247466,4.70585741648,1.60943791243,1,0.0,1.0
6,1.0,2,99,33,1,5.0,123.065359477,4.59511985013,4.70585741648,3.49650756147,1,0.0,1.0
7,1.0,2,100,26,1,4.5,123.065359477,4.60517018599,4.70585741648,3.25809653802,1,0.0,1.0
8,1.0,2,80,19,1,4.5,123.065359477,4.38202663467,4.70585741648,2.94443897917,1,0.0,1.0
9,0.0,3,195,9,2,5.0,123.065359477,5.27299955856,4.70585741648,2.19722457734,1,0.0,1.0
10,1.0,2,95,6,1,5.0,123.065359477,4.5538768916,4.70585741648,1.79175946923,1,0.0,1.0
11,2.0,5,190,9,2,4.5,123.065359477,5.24702407216,4.70585741648,2.19722457734,1,0.0,1.0
12,1.0,1,53,2,1,0.0,123.065359477,3.97029191355,4.70585741648,0.69314718056,0,0.0,1.0
13,1.0,2,65,2,1,0.0,123.065359477,4.1743872699,4.70585741648,0.69314718056,0,0.0,1.0
14,0.0,4,150,40,2,5.0,123.065359477,5.0106352941,4.70585741648,3.68887945411,1,0.0,1.0
15,1.0,2,150,29,2,4.5,123.065359477,5.0106352941,4.70585741648,3.36729582999,1,0.0,1.0
16,1.0,2,100,8,1,5.0,123.065359477,4.60517018599,4.70585741648,2.07944154168,1,0.0,1.0
17,1.0,2,135,17,1,5.0,123.065359477,4.90527477844,4.70585741648,2.83321334406,1,0.0,1.0
0,1.0,2,95,6,1,5.0,123.065359477,4.5538768916,4.70585741648,1.79175946923,1,0.0,1.0
1,2.0,5,190,9,2,4.5,123.065359477,5.24702407216,4.70585741648,2.19722457734,1,0.0,1.0
2,1.0,1,53,2,1,0.0,123.065359477,3.97029191355,4.70585741648,0.69314718056,0,0.0,1.0
3,1.0,2,65,2,1,0.0,123.065359477,4.1743872699,4.70585741648,0.69314718056,0,0.0,1.0
4,0.0,4,150,40,2,5.0,123.065359477,5.0106352941,4.70585741648,3.68887945411,1,0.0,1.0
5,1.0,2,150,29,2,4.5,123.065359477,5.0106352941,4.70585741648,3.36729582999,1,0.0,1.0
6,1.0,2,100,8,1,5.0,123.065359477,4.60517018599,4.70585741648,2.07944154168,1,0.0,1.0
7,1.0,2,135,17,1,5.0,123.065359477,4.90527477844,4.70585741648,2.83321334406,1,0.0,1.0
8,1.0,2,94,6,1,5.0,123.065359477,4.54329478227,4.70585741648,1.79175946923,1,0.0,1.0
9,1.0,2,140,100,1,5.0,123.065359477,4.94164242261,4.70585741648,4.60517018599,1,0.0,1.0
10,1.0,2,170,54,2,4.5,123.065359477,5.13579843705,4.70585741648,3.98898404656,1,0.0,1.0
11,1.0,2,140,0,2,0.0,123.065359477,4.94164242261,4.70585741648,0.0,0,0.0,1.0
12,0.0,2,120,5,2,4.5,123.065359477,4.78749174278,4.70585741648,1.60943791243,1,0.0,1.0
13,1.0,2,89,42,1,4.5,123.065359477,4.48863636973,4.70585741648,3.73766961828,1,0.0,1.0
14,1.0,2,90,200,1,4.5,123.065359477,4.49980967033,4.70585741648,5.29831736655,1,0.0,1.0
15,2.0,5,212,26,2,5.0,123.065359477,5.35658627467,4.70585741648,3.25809653802,1,0.0,1.0
16,1.0,2,79,102,1,4.5,123.065359477,4.36944785247,4.70585741648,4.62497281328,1,0.0,1.0
17,1.0,2,65,4,1,5.0,123.065359477,4.1743872699,4.70585741648,1.38629436112,1,0.0,1.0
0,0.0,2,149,20,2,5.0,123.065359477,5.00394630595,4.70585741648,2.99573227355,1,0.0,1.0
1,1.0,1,70,17,1,4.5,123.065359477,4.24849524205,4.70585741648,2.83321334406,1,0.0,1.0
2,1.0,2,100,5,1,5.0,123.065359477,4.60517018599,4.70585741648,1.60943791243,1,0.0,1.0
3,1.0,2,168,25,1,5.0,123.065359477,5.1239639794,4.70585741648,3.21887582487,1,0.0,1.0
4,1.0,2,89,17,1,4.5,123.065359477,4.48863636973,4.70585741648,2.83321334406,1,0.0,1.0
5,1.0,2,83,3,1,4.5,123.065359477,4.4188406078,4.70585741648,1.09861228867,1,0.0,1.0
6,1.0,2,185,70,2,5.0,123.065359477,5.22035582508,4.70585741648,4.24849524205,1,0.0,1.0
7,1.0,1,80,130,1,5.0,123.065359477,4.38202663467,4.70585741648,4.86753445046,1,0.0,1.0
8,0.0,2,142,2,2,0.0,123.065359477,4.9558270576,4.70585741648,0.69314718056,0,0.0,1.0
9,1.0,2,80,141,1,5.0,123.065359477,4.38202663467,4.70585741648,4.94875989038,1,0.0,1.0
10,0.0,3,195,9,2,5.0,123.065359477,5.27299955856,4.70585741648,2.19722457734,1,0.0,1.0
11,1.0,2,95,46,1,4.5,123.065359477,4.5538768916,4.70585741648,3.82864139649,1,0.0,1.0
12,2.0,4,149,33,2,5.0,123.065359477,5.00394630595,4.70585741648,3.49650756147,1,0.0,1.0
13,1.0,2,125,8,1,5.0,123.065359477,4.8283137373,4.70585741648,2.07944154168,1,0.0,1.0
14,2.0,5,190,9,2,4.5,123.065359477,5.24702407216,4.70585741648,2.19722457734,1,0.0,1.0
15,1.0,2,110,2,1,0.0,123.065359477,4.70048036579,4.70585741648,0.69314718056,0,0.0,1.0
16,2.0,5,300,5,2,5.0,123.065359477,5.70378247466,4.70585741648,1.60943791243,1,0.0,1.0
17,1.0,2,89,22,1,4.5,123.065359477,4.48863636973,4.70585741648,3.09104245336,1,0.0,1.0
0,1.0,2,135,77,1,5.0,123.065359477,4.90527477844,4.70585741648,4.34380542185,1,0.0,1.0
1,1.0,2,100,26,1,4.5,123.065359477,4.60517018599,4.70585741648,3.25809653802,1,0.0,1.0
2,2.0,6,250,7,2,5.0,123.065359477,5.52146091786,4.70585741648,1.94591014906,1,0.0,1.0
3,1.0,2,80,19,1,4.5,123.065359477,4.38202663467,4.70585741648,2.94443897917,1,0.0,1.0
4,0.0,3,195,9,2,5.0,123.065359477,5.27299955856,4.70585741648,2.19722457734,1,0.0,1.0
5,2.0,5,190,9,2,4.5,123.065359477,5.24702407216,4.70585741648,2.19722457734,1,0.0,1.0
6,1.0,1,53,2,1,0.0,123.065359477,3.97029191355,4.70585741648,0.69314718056,0,0.0,1.0
7,1.0,2,65,2,1,0.0,123.065359477,4.1743872699,4.70585741648,0.69314718056,0,0.0,1.0
8,1.0,2,68,58,0,4.5,123.065359477,4.21950770518,4.70585741648,4.06044301055,1,0.0,1.0
9,0.0,4,150,40,2,5.0,123.065359477,5.0106352941,4.70585741648,3.68887945411,1,0.0,1.0
10,1.0,4,200,14,1,5.0,123.065359477,5.29831736655,4.70585741648,2.63905732962,1,0.0,1.0
11,1.0,1,39,5,0,5.0,123.065359477,3.66356164613,4.70585741648,1.60943791243,1,0.0,1.0
12,2.0,4,350,6,2,5.0,123.065359477,5.85793315448,4.70585741648,1.79175946923,1,0.0,1.0
13,1.0,2,100,8,1,5.0,123.065359477,4.60517018599,4.70585741648,2.07944154168,1,0.0,1.0
14,1.0,2,130,4,1,5.0,123.065359477,4.86753445046,4.70585741648,1.38629436112,1,0.0,1.0
15,1.0,2,195,110,2,5.0,123.065359477,5.27299955856,4.70585741648,4.70048036579,1,0.0,1.0
16,1.0,2,135,17,1,5.0,123.065359477,4.90527477844,4.70585741648,2.83321334406,1,0.0,1.0
17,1.0,2,94,6,1,5.0,123.065359477,4.54329478227,4.70585741648,1.79175946923,1,0.0,1.0
0,1.0,2,105,7,2,5.0,123.065359477,4.65396035016,4.70585741648,1.94591014906,1,0.0,1.0
1,1.0,2,75,0,0,0.0,123.065359477,4.31748811354,4.70585741648,0.0,0,0.0,1.0
2,1.0,2,89,58,1,4.5,123.065359477,4.48863636973,4.70585741648,4.06044301055,1,0.0,1.0
3,1.0,2,125,50,1,5.0,123.065359477,4.8283137373,4.70585741648,3.91202300543,1,0.0,1.0
4,1.0,2,205,87,1,5.0,123.065359477,5.32300997914,4.70585741648,4.46590811865,1,0.0,1.0
5,1.0,2,101,73,1,5.0,123.065359477,4.61512051684,4.70585741648,4.29045944115,1,0.0,1.0
6,1.0,2,75,1,1,0.0,123.065359477,4.31748811354,4.70585741648,0.0,0,0.0,1.0
7,1.0,2,170,21,2,4.5,123.065359477,5.13579843705,4.70585741648,3.04452243772,1,0.0,1.0
8,1.0,2,89,39,1,4.5,123.065359477,4.48863636973,4.70585741648,3.66356164613,1,0.0,1.0
9,1.0,2,300,0,1,0.0,123.065359477,5.70378247466,4.70585741648,0.0,0,0.0,1.0
10,1.0,2,85,199,1,4.5,123.065359477,4.44265125649,4.70585741648,5.29330482472,1,0.0,1.0
11,1.0,2,89,0,1,0.0,123.065359477,4.48863636973,4.70585741648,0.0,0,0.0,1.0
12,1.0,2,143,2,2,0.0,123.065359477,4.96284463026,4.70585741648,0.69314718056,0,0.0,1.0
13,1.0,2,130,46,2,4.5,123.065359477,4.86753445046,4.70585741648,3.82864139649,1,0.0,1.0
14,1.0,2,99,5,1,4.5,123.065359477,4.59511985013,4.70585741648,1.60943791243,1,0.0,1.0
15,1.0,2,70,2,1,0.0,123.065359477,4.24849524205,4.70585741648,0.69314718056,0,0.0,1.0
16,1.0,2,83,3,1,4.5,123.065359477,4.4188406078,4.70585741648,1.09861228867,1,0.0,1.0
17,2.0,4,195,17,2,4.5,123.065359477,5.27299955856,4.70585741648,2.83321334406,1,0.0,1.0
0,1.0,2,130,4,1,5.0,123.065359477,4.86753445046,4.70585741648,1.38629436112,1,0.0,1.0
1,1.0,1,60,2,1,0.0,123.065359477,4.09434456222,4.70585741648,0.69314718056,0,0.0,1.0
2,1.0,2,69,150,1,4.5,123.065359477,4.2341065046,4.70585741648,5.0106352941,1,0.0,1.0
3,1.0,4,200,2,2,0.0,123.065359477,5.29831736655,4.70585741648,0.69314718056,0,0.0,1.0
4,1.0,2,148,7,2,5.0,123.065359477,4.99721227376,4.70585741648,1.94591014906,1,0.0,1.0
5,1.0,2,79,3,1,4.0,123.065359477,4.36944785247,4.70585741648,1.09861228867,1,0.0,1.0
6,1.0,2,60,83,1,4.5,123.065359477,4.09434456222,4.70585741648,4.4188406078,1,0.0,1.0
7,1.0,2,149,10,2,5.0,123.065359477,5.00394630595,4.70585741648,2.30258509299,1,0.0,1.0
8,1.0,1,95,9,1,4.5,123.065359477,4.5538768916,4.70585741648,2.19722457734,1,0.0,1.0
9,1.0,2,189,6,1,4.5,123.065359477,5.24174701506,4.70585741648,1.79175946923,1,0.0,1.0
10,1.0,2,85,112,1,5.0,123.065359477,4.44265125649,4.70585741648,4.7184988713,1,0.0,1.0
11,1.0,1,95,12,1,5.0,123.065359477,4.5538768916,4.70585741648,2.48490664979,1,0.0,1.0
12,2.0,4,245,12,2,5.0,123.065359477,5.50125821054,4.70585741648,2.48490664979,1,0.0,1.0
13,1.0,2,170,86,1,4.5,123.065359477,5.13579843705,4.70585741648,4.45434729625,1,0.0,1.0
14,1.0,2,85,7,1,3.5,123.065359477,4.44265125649,4.70585741648,1.94591014906,1,0.0,1.0
15,1.0,2,58,12,1,3.5,123.065359477,4.06044301055,4.70585741648,2.48490664979,1,0.0,1.0
16,0.0,2,140,15,2,5.0,123.065359477,4.94164242261,4.70585741648,2.7080502011,1,0.0,1.0
17,0.0,2,149,20,2,5.0,123.065359477,5.00394630595,4.70585741648,2.99573227355,1,0.0,1.0
